/*
 Navicat Premium Data Transfer

 Source Server         : yizhan(master)
 Source Server Type    : MySQL
 Source Server Version : 50722
 Source Host           : 175.24.203.115:3307
 Source Schema         : movie

 Target Server Type    : MySQL
 Target Server Version : 50722
 File Encoding         : 65001

 Date: 29/06/2022 15:21:22
*/

SET NAMES utf8mb4;
SET FOREIGN_KEY_CHECKS = 0;

-- ----------------------------
-- Table structure for sys_actor
-- ----------------------------
DROP TABLE IF EXISTS `sys_actor`;
CREATE TABLE `sys_actor`  (
  `actor_id` bigint(20) UNSIGNED NOT NULL AUTO_INCREMENT COMMENT '演员id',
  `actor_name` varchar(20) CHARACTER SET utf8 COLLATE utf8_general_ci NOT NULL COMMENT '演员名字',
  `actor_photo` varchar(255) CHARACTER SET utf8 COLLATE utf8_general_ci NULL DEFAULT NULL COMMENT '演员照片',
  `actor_height` decimal(10, 2) UNSIGNED NULL DEFAULT NULL COMMENT '演员身高',
  `actor_age` tinyint(3) UNSIGNED NULL DEFAULT NULL COMMENT '演员年龄',
  `actor_gender` tinyint(3) UNSIGNED NOT NULL COMMENT '演员性别,1为男，0为女',
  `actor_school` varchar(255) CHARACTER SET utf8 COLLATE utf8_general_ci NULL DEFAULT NULL COMMENT '毕业院校',
  `actor_nation` varchar(20) CHARACTER SET utf8 COLLATE utf8_general_ci NULL DEFAULT NULL COMMENT '演员民族',
  `actor_blood_type` varchar(20) CHARACTER SET utf8 COLLATE utf8_general_ci NULL DEFAULT NULL COMMENT '演员血型',
  `actor_constellation` varchar(20) CHARACTER SET utf8 COLLATE utf8_general_ci NULL DEFAULT NULL COMMENT '演员信息',
  `actor_nationality` varchar(20) CHARACTER SET utf8 COLLATE utf8_general_ci NULL DEFAULT NULL COMMENT '演员国籍',
  `actor_information` varchar(1000) CHARACTER SET utf8 COLLATE utf8_general_ci NULL DEFAULT NULL COMMENT '演员详细信息',
  PRIMARY KEY (`actor_id`) USING BTREE
) ENGINE = InnoDB AUTO_INCREMENT = 88 CHARACTER SET = utf8 COLLATE = utf8_general_ci ROW_FORMAT = Dynamic;

-- ----------------------------
-- Records of sys_actor
-- ----------------------------
INSERT INTO `sys_actor` VALUES (37, '朱一龙', '[\"2022/06/28/39e2ecce5b374a5080d9a370673b0dce.jpg\"]', 180.00, 34, 1, '北京电影学院2006级表演系本科', '汉族', 'O型', '白羊座', '中国', '2009年出演首部电影《再生缘》；2010年参演古装系列电影《大明嫔妃》 ；2012年在家庭情感轻喜剧《家宴》中饰演冯豆子。  2014年在民国爱情剧《情定三生》中饰演豪门少爷迟瑞，随后，凭借该角色获得亚洲影响力东方盛典最具潜力男演员奖。  2015年因在古装历史剧《芈月传》中饰演秦昭襄王嬴稷而受到广泛关注，剧中人物年龄跨度从十六岁到五十多岁，颇具难度。  2016年出演古龙小说改编作品《萧十一郎》和《新边城浪子》中饰演连城璧、傅红雪。  2017年，主演年代爱情剧《许你浮生若梦》。  2018年，主演奇幻网络剧《镇魂》，并与共同主演白宇一起为该剧演唱推广曲《时间飞行》。');
INSERT INTO `sys_actor` VALUES (38, '杨恩又', '[\"2022/06/28/d433073f115a4d75b4c16848da3ea7c5.jpg\"]', 150.00, 9, 0, '无', '汉族', 'A型', '天秤座', '中国', '杨恩又，演员，模特，杨可润妹妹，2017年因探班姐姐剧组被周游导演发掘，2018年反串出演央视法制栏目剧《终于找到你》，饰演小新；2020年反串出演《心有归期》，饰演小宝；2020年8月主演李蕊言导演艺术短篇《远》，入围2021年英国学院奖短片单元；2020年10月主演苹果年终贺岁片《阿年》，饰演小阿婷。2016年起一直担任天使印象艺术摄影主题研发模特、演员，摄影作品多次获得德国摄影协会（DVF）、美国摄影学会（PSA）、国际影艺联盟（FIAP）、国际摄影家联盟（GPU）同时认证颁发的金奖、银奖。');
INSERT INTO `sys_actor` VALUES (39, '王戈', '[\"2022/06/28/8a0ea7fd26514caf8d2403c853f8d468.jpg\"]', 187.00, 33, 1, '中国传媒大学表演系', '汉族', 'B型', '狮子座', '中国', '王戈，1989年7月23日出生于广西，中国内地男演员，毕业于中国传媒大学表演系。 2010年，参演话剧《最后只好停下来》，饰演爱迪生。2014年4月，参演话剧《咸蛋》；同年10月，参演话剧《东北往事》；同年12月，参演话剧《你好，疯子！》。2015年4月，参演话剧《蠢蛋》。2016年5月，与演员张一山等主演的警匪网剧《余罪》开播。');
INSERT INTO `sys_actor` VALUES (40, '刘陆 ', '[\"2022/06/28/76e1df02321d430cad8486efdd5f83e0.jpg\"]', 165.00, 40, 0, '北京舞蹈学院音乐剧系本科', '汉族', 'O型', '双子座', '中国', '刘陆，演员，毕业于北京舞蹈学院音乐剧系本科。主要作品包括：电影《第四面墙》《吉祥如意》《天注定》《山河故人》等。主演音乐剧、话剧《蝶》《空中花园谋杀案》《电影之歌》等。  刘陆曾是孟京辉戏剧工作室的签约演员。师从三宝老师，孟京辉导演，田沁鑫导演等，多年活跃在戏剧舞台。被三宝老师和田沁鑫导演称作中国最全面优秀的音乐剧女演员。2013年投身于影视创作，有幸与贾樟柯，李霄峰，大鹏，张翀等导演合作重要角色。');
INSERT INTO `sys_actor` VALUES (41, '罗京民', '[\"2022/06/28/137587deb13049ef99c8a12ffe864ba8.jpg\"]', 180.00, 66, 1, '未知', '汉族', 'A型', '水瓶座', '中国', '实力派表演艺术家，2006年《士兵突击》让人们记住了许三多他爹许百顺，让人们记住了这个在影视圈里打拼了三十年的西安话剧院演员罗京民。2012年与曲江涛导演合作的《孙子从美国来》饰演的老杨头，倍受好评。');
INSERT INTO `sys_actor` VALUES (42, '吴倩', '[\"2022/06/28/e6d15c9d9e96456fa35a16c9f719c78b.jpg\"]', 165.00, 30, 0, '武汉大学艺术学系', '汉族', 'B型', '天秤座', '中国', '吴倩 ，中国大陆女演员。1992年9月26日出生于湖北武汉，2014年毕业于武汉大学艺术学系。湖北卫视《我的中国星》首播中出现的“第四”评委“T恤妹”，获得了高人气。她在2014年版电视剧《鹿鼎记》中饰演沐剑屏，此外还参演了《少年神探狄仁杰》《隋唐英雄4》等多部影视剧。');
INSERT INTO `sys_actor` VALUES (43, '韩延', '[\"2022/06/28/a31b494b54eb482aaa9a2e46a7ff550a.jpg\"]', 187.00, 39, 1, '中央戏剧学院电影电视系导演专业', '汉族', 'O型', '天蝎座', '中国', '韩延，中国内地导演、编剧，毕业于中央戏剧学院电影电视系导演专业，被誉为中国未来二十年最有潜力的青年导演。  2012年，凭借爱情片《第一次》获得第15届上海国际电影节暨第9届电影频道传媒大奖最佳新人导演奖  2015年，执导爱情喜剧片《滚蛋吧!肿瘤君》，斩获中国内地5.1亿票房，代表中国内地角逐第88届奥斯卡金像奖最佳外语片  2018年，导演影片《动物世界》，入选豆瓣2018年上半年电影评分榜TOP50，获得第31届东京电影节中国电影周“最佳导演”奖');
INSERT INTO `sys_actor` VALUES (44, '克里斯·帕拉特', '[\"2022/06/28/b9065a5cfdbf4fcda0beccfa618f42fb.jpg\"]', 188.00, 43, 1, '未知', '欧裔', 'A型', '双子座', '美国', '克里斯·帕拉特（Chris Pratt），1979年6月21日出生在美国明尼苏达州，美国影视演员。 2000年，克里斯·帕拉特出演恐怖电影《Cursed Part 3》，从此开始演艺生涯。2002年的《Everwood》则称为克里斯·帕拉特的成名作。2012年，他出演的《刺杀本·拉登》上映。2014年，他为《乐高大电影》配音，并在同年8月1日上映的《银河护卫队》中饰演“星爵”彼得·奎尔。');
INSERT INTO `sys_actor` VALUES (45, '科林·特莱沃若', '[\"2022/06/28/6dc0f62f54664e319ad4bf1e92898a7d.jpg\"]', 187.00, 46, 1, '纽约大学的蒂施艺术学院', '欧裔', 'O型', '处女座', '美国', '科林·特雷沃若于1976年9月13日出生在加利福尼亚州的旧金山，在加利福尼亚州的奥克兰长大。他的父亲是乡村摇滚乐队的音乐家，母亲从事摄影工作的同时还经营日托中心。  小时候，他在旧金山歌剧院的合唱团里唱歌。十几岁的时候，特雷沃若在米尔谷电影节和旧金山青年电影节上赢得了奖项。特雷沃若毕业于加利福尼亚州皮埃蒙特的皮埃蒙特高中。1998年，特雷沃若作为纽约大学的学生在著名脱口秀《周六夜现场(Saturday Night Live)》里实习，在那里遇到了他未来的搭档德里克·康纳利（Derek Connolly）。 他于1999年毕业于纽约大学的蒂施艺术学院。');
INSERT INTO `sys_actor` VALUES (46, '劳拉·邓恩', '[\"2022/06/28/3fd21bdfcc1347a8a0ebd38d4dfac77e.jpg\"]', 165.00, 55, 0, '未知', '欧裔', 'O型', '水瓶座', '美国', '劳拉·邓恩，美国演员。在演艺家庭的影响下，7岁时她已在《再见爱丽丝》亮相。12岁就正式踏入影坛，1986年以《Smooth Talk》获洛杉矶影评人协会颁予新人奖。她第一部让人留下印象的主演作品是1990年的《我心狂野》，1992年她在《激情蔷薇》中饰演乡下性感女孩，和母亲双双入围奥斯卡最佳女主角和女配角奖，传为一段佳话。一般观众最熟悉她的影片恐怕是《侏罗纪公园》，片中男主角杰夫高布仑同时也是她的爱人。 1967年2月10日，劳拉出生在一个电影家庭，父亲是布鲁斯·邓恩，母亲是黛安·拉德，年幼时的劳拉就曾到过片场，甚至得到过几个小角色。劳拉两岁时，父母离婚，劳拉由此同父亲失散多年。长大些的劳拉在家庭熏陶下决定投身表演，像其他美国60年代反对传统文化的青年人的子女一样，劳拉对东方神秘主义和政治激进主义情有独钟，她被那些守旧的同学们视作怪物，而且她在10岁之前就长到了1米78，麻杆般的身材和小船似的脚丫成为同学们的笑柄，劳拉只好把李·斯特拉斯伯格戏剧学院当作自己的避难所。 劳拉第一次的可喜表现是在由朱迪·福斯特主演的《小狐狸》当中，随后在《平稳的对话》中成功扮演了春心萌动的15岁少女康妮，首次获得独立精神奖提名。接着，劳拉出演了大卫·林奇的《蓝丝绒》和《我心狂野》，其中的《蓝丝绒》让她再度被独立精神奖提名。1991年，劳拉主演了自己的代表作《野姑娘罗丝》，赢得奥斯卡提名。之后，她陆续出演了多部给人留下深刻印象的影片，如《侏罗纪公园》、《侏罗纪公园3》、以及圣丹斯获奖影片《爱不再回来》等。2009年又凭电影《选票风波》获得第66届美国金球奖电视最佳女配角。');
INSERT INTO `sys_actor` VALUES (47, '山姆·尼尔', '[\"2022/06/28/f837f3d3c48647c39914ed16d8ccaa63.jpg\"]', 191.00, 75, 1, '未知', '欧裔', 'A型', '处女座', '英国', '演员英国出生，8岁时全家移民新西兰，求学时代在英国坎特布里大学主修英国文学，毕业后随“五人巡回剧团”做了一年表演。70年代初往影坛发展，并加入新西兰影片制作公司，边演边导，在剪接方面也有涉猎。1979年在成名作《我的璀璨生涯》推出后，他又往英国发展，曾当选1983年英国电视最佳男演员。1992年随着《侏罗纪公园》卖座及《钢琴师和她的情人》扬威戛纳，使他的声势也跟着水涨船高。2001年他再度以同一角色演出《侏罗纪公园3》。');
INSERT INTO `sys_actor` VALUES (48, '杰夫·高布伦', '[\"2022/06/28/c7aa355d103e4dbda2f89c9f9608b520.jpg\"]', 192.00, 60, 1, '未知', '欧裔', 'A型', '天秤座', '美国', '杰夫·高布伦，美国演员。17岁高中毕业后他进入纽约邻居剧场接受表演训练，70年代初期努力争取各种演出机会，曾在外百老汇登台表演莎翁名剧及音乐剧。1974年高布伦涉足影坛，在银幕处女作《猛龙怪客》中演一个街头小流氓。而后在影视界熬了近十年，终于在1983年接连推出了备受好评的《大寒》和《太空英雄》才开始获得瞩目。1986年以恐怖片《苍蝇》开始了阴冷诡异的戏路，并一度成为他的注册商标。自1993年以科学家形象出演《侏罗纪公园》大获成功后，又先后主演了《天煞》和《失落的世界》两部科幻片，从而奠定了其影坛巨星的地位。还与比尔·默瑞、凯特·布兰切特一起合作了喜剧片《水世界》。参演《闪电奇迹》、《侏罗纪公园》、《独立日》等。');
INSERT INTO `sys_actor` VALUES (49, '赵今麦', '[\"2022/06/28/31af9f870b8e47469167cc83edb874c9.jpg\"]', 165.00, 20, 0, '中央戏剧学院', '汉族', 'A型', '处女座', '中国', '赵今麦，中国女演员。2016年，在都市情感剧《小别离》中饰演金琴琴；2017年在都市情感剧《我的！体育老师》中饰演马莉；2018年在奇幻喜剧电影《快把我哥带走》中饰演苗妙妙； 2019年，在科幻电影《流浪地球》中饰演韩朵朵；同年6月，主演了都市情感剧《少年派》，饰演林妙妙一角。');
INSERT INTO `sys_actor` VALUES (50, '林一', '[\"2022/06/28/dbfa51135e0248938fc5de56c2b5f658.jpg\"]', 187.00, 23, 1, '北京体育大学国标舞专业', '汉族', 'O型', '摩羯座', '中国', '林一，1999年1月11日出生于河北省，成长于辽宁省沈阳市，中国内地影视男演员，就读于北京体育大学国标舞专业。2015年，尚在就读大一的他被经纪人发掘签约唐人影视。2016年，利用暑假期间前往国外进行专业的舞蹈、形体及表演培训。2017年，作为固定学员参加偶像养成类节目《美少年学社》，同年11月，参加时尚综艺节目《疯狂衣橱》，12月，出演科幻电影《希望岛》，正式以演员的身份进入演艺圈。2018年8月，主演《致我们暖暖的小时光》。');
INSERT INTO `sys_actor` VALUES (51, '沈月', '[\"2022/06/28/0c81c38dd64547b9ac87c83591525a2d.jpg\"]', 155.00, 25, 0, '湖南师范大学新闻与传播学院', '汉族', 'A型', '双鱼座', '中国', '沈月，1997年2月27日出生于湖南武冈，中国内地女演员，2014年就读于湖南师范大学新闻与传播学院。 2017年3月，在青春剧《致我们单纯的小美好》中饰演女一号陈小希沈月，被赞“从书中走出的陈小希”');
INSERT INTO `sys_actor` VALUES (52, '汪佳辉', '[\"2022/06/28/734284eac63f48eb88a989194fe8c402.jpg\"]', 180.00, 25, 1, '未知', '汉族', 'O型', '狮子座', '中国', '2021年10月，主演青春校园题材网剧《再见，十七岁》开机，饰演双胞胎兄弟中的浩轩，该剧于11月24日正式杀青，预计2022年上线。 [1-2]  2022年6月18日，主演的青春校园电影《一周的朋友》上映，在片中饰演理性学霸蒋吾。');
INSERT INTO `sys_actor` VALUES (53, '周楠', '[\"2022/06/29/82f73e64e5b344a7815883b3f29c5434.jfif\"]', 175.00, 45, 1, ' 北京电影学院导演系', '汉', 'O型', '魔蝎座', '中国', '周楠，导演。曾担任《满城尽带黄金甲》首映庆典副导演、总撰稿人，北京电影学院国际学生电影节开闭幕式总导演。曾创作过的短片有：《处男证》、《5分钟》、《饺子》、《照价赔偿》等。2009年周楠带着自己的《小西天》参加了第二届新人电影节短片竞赛单元，由此让更多的人认识了解了这位新锐导演，《小西天》这部作品也由新人电影节组委会推荐至湖南卫视的《我要拍电影》。并且凭借该短片成为2010年度新浪原创视频盛典十大原创导演之一。2010年创作的《五分钟改变你》入围土豆视频网站的土豆映像节，并获土豆映像节金面具奖。2010年3月周楠携新片《小西天》参加由华影盛视和湖南卫视联手打造的大型导演选秀节目《我要拍电影》，获得冠军，同时夺得为2011年华影盛视公司投资的贺岁电影拍摄的机会。《小西天》是周楠就读北京电影学院导演系硕士研究生二年级时拍摄的作品，2009年底周楠拍摄完成他研究生学习生涯的毕业联合作品《洗骨》，2010年6月初步完成后期。2010年5月由周楠等五位导演所创作的A组作品《HAPPY BIRTHDAY》在10进9比赛里面轻松击败B组顺利晋级，周楠、王郢、韩轶三位学院派导演所创作的《机不可失》 三分钟短片在《我要拍电影》9进8比赛里面大胜，顺利晋级。目前，比赛已进行到4进3的阶段，这次由于无限制题材拍摄，周楠亲情讲述了他对同台PK的战友们真切的情感，导演作品《我要杀人》投票数以到达居高不下的阶段。2010年执导的情人节贺岁电影《我们约会吧》即将于2011年2月13日上映。');
INSERT INTO `sys_actor` VALUES (54, '周冬雨', '[\"2022/06/29/04a68f179d7a460b9f546a5c67bf7396.jfif\"]', 168.00, 30, 0, ' 北京电影学院', '汉', 'O型', '水瓶座', '中国', '周冬雨，毕业于北京电影学院表演系。2010年被张艺谋选中,在电影《山楂树之恋》中饰演静秋一角而走红,并凭借该片获得第56届西班牙巴利亚多利德国际电影节最佳女演员奖,第14届中国电影华表奖优秀新人女演员奖和第20届上海影评人奖最佳新人奖。2014年凭借青春片《同桌的你》获得第15届华语电影传媒大奖年度最受瞩目女演员奖。2016年凭借《七月与安生》获得第53届台湾电影金马奖最佳女主角奖,第23届香港电影评论学会最佳女演员奖和第36届香港电影金像奖最佳女主角提名,同年凭借《谎言西西里》获得第8届澳门国际电影节最佳女主角奖。电视剧代表作有《麻雀》《春风十里不如你》《遇见爱情的利先生》等,电影代表作有《倾城之泪》《宫锁沉香》《心花路放》等。2017年主演电影《指甲刀人魔》和《奇门遁甲》。');
INSERT INTO `sys_actor` VALUES (55, '尹昉', '[\"2022/06/29/d7b798276ea74b188f31db0aaaad7eab.jfif\"]', 180.00, 36, 1, ' 北京师范大学', '汉', 'O型', '处女座', '中国', '尹昉，1986 年 8 月 27 日出生于湖南省长沙市 ，舞蹈艺术家、电影演员，2006 年毕业于北京师范大学，获得文学与管理学双学士学位。 2008 年，尹昉加入北京当代芭蕾舞团，开始职业舞者生涯。2012 年，离开舞蹈团，追求独立创作。2013 年，凭借其创作作品《褪》入围第 27 届德国汉诺威国际编舞大赛。2014年 10 月，主演文艺电影《蓝色骨头》，献出他的大银幕处女作 。2015 年，尹昉入选中国舞蹈家协会“青年舞蹈人才培育计划”，并创作舞剧《斗拱》。2016 年 4 月，客串出演剧情片《火锅英雄》 。2017 年 5 月，其主演的电影《路过未来》入围了第 70 届戛纳国际电影节“一种关注”单元 ，同年 7 月 12 日，由蒋卓原执导，景甜、欧豪领衔主演的青春动作喜剧院线电影《青禾男高》上映，尹昉在其中扮演谭嘉木一角。2018 年 2 月，参演林超贤导演的作品《红海行动》登陆春节档票房破 36 亿，尹昉在其中扮演蛟龙突击队的狙击手观察员李懂；同年 5 月其出演电影《路过未来》中李新民一角获得第 21 届上海国际电影节最受传媒关注新人男演员奖。2019 年 2 月，参演韩寒导演的贺岁档电影《飞驰人生》上映，尹昉饰演领航员洪阔，同年 3 月，其首部主演的电视剧《新世界》杀青，预计 10 月播出。');
INSERT INTO `sys_actor` VALUES (56, '易烊千玺', '[\"2022/06/29/3054416704014726bf3426230c366af2.jfif\"]', 180.00, 22, 1, '中央戏剧学院', '汉', 'O型', '射手座', '中国', '易烊千玺，2000年11月28日生于湖南省怀化市洪江市，中国内地男演员、歌手、舞者，演唱组合TFBOYS成员，就读于中央戏剧学院 [3-4]  。 2005年，首登电视荧屏 [5]  。2009年，加入飞炫少年组合。2013年，加入TFBOYS [6]  。2015年，声演法国动画电影《小王子》男主角 [7]  ；自编舞蹈《IF YOU》《RHYTHM TA》，创下爱奇艺生日会直播在线用户数据最高纪录 [8]  。2016年，获得第16届音乐风云榜最受欢迎偶像 [9]  。2017年，单曲《离骚》获得Billboard Radio China年度华语金曲 [10]  ；成立易烊千玺爱心基金 [11]  。2018年，出席第60届格莱美奖颁奖典礼 [12]  ；担任《这！就是街舞》明星队长，带领其战队夺得第一季全国总冠军 [13]  ；以文化、专业双科第一的成绩考入中央戏剧学院表演系本科班 [14]  ；出演雅加达亚运会闭幕式“杭州8分钟” [15]  ；发行首张专辑《我乐意沉默释放内心焰火》 [16-17]  。2019年，主演古装剧《长安十二时辰》 [374]  ，凭借该剧提名中国电视金鹰奖最佳男演员 [19]  ；首部担正主演的电影《少年的你》入围奥斯卡金像奖最佳国际影片 [342]  ，内地票房超15亿元，凭借该片提名香港电影金像奖、中国电影金鸡奖最佳男主角 [20-21]  ，获得香港电影金像奖最佳新演员和大众电影百花奖最佳新人 [22-23]  ；举行易烊千玺2019玊尔演唱会 [24]  ；专辑《温差感》入选《南方都市报》2019十大华语专辑 [25-26]  。 2020年，完成男女十大刊封面满贯 [2]  ；领衔主演的电影《送你一朵小红花》上映 [375]  ，累计票房超14亿元 [29]  。2021年，担任第十一届北京国际电影节青年宣传推广大使 [348]  ；蝉联福布斯中国名人榜榜首；9月30日，领衔主演的战争片《长津湖》上映 [350]  。');
INSERT INTO `sys_actor` VALUES (57, '文牧野', '[\"2022/06/29/6febcc82e5e145408abdfe7a5701043e.jfif\"]', 175.00, 37, 1, '东北师范大学人文学院', '汉', 'O型', '水瓶座', '中国', '文牧野，1985年2月14日出生于吉林省长春市 [1-2]  ，华语影视导演、编剧，北京电影学院导演系硕士毕业。 2010年，拍摄剧情短片《石头》。2011年，编导短片《金兰桂芹》，凭借该片获得第五届山东青年微电影大赛优秀导演奖、优秀编剧奖 [3]  。2012年，执导剧情短片《BATTLE》，该片获得第7届FIRST青年电影展评委会特别奖、2013年FIRST青年电影展拍片季优秀影片奖 [4]  。2014年，执导短片《安魂曲》，由此获得第6届澳门国际电影节微电影大学生组澳天龙微电影导演大奖 [5]  。2015年，参与执导爱情电影《恋爱中的城市》。 2018年，执导剧情片《我不是药神》，凭借该片获得第14届中国长春电影节最佳青年编剧奖 [6]  、第55届台湾电影金马奖最佳新导演奖 [7]  及最佳原创剧本奖 [8]  、第26届北京大学生电影节最佳导演奖 [9]  、第十届中国电影导演协会2018年度奖年度青年导演奖 [10]  ；次年11月23日，文牧野再度凭借该片获得第32届中国电影金鸡奖最佳导演处女作奖 [11]  。 2020年8月24日，凭借《我和我的祖国》获第11届中国电影导演协会2019年度表彰大会年度导演提名。 [12] ');
INSERT INTO `sys_actor` VALUES (58, '田雨', '[\"2022/06/29/2e78e0b5a026426a881d072868244a6a.jfif\"]', 175.00, 42, 1, '中央戏剧学院', '汉', 'O型', '射手座', '中国', '田雨（1975年12月21日-），出生于中国北京，毕业于中央戏剧学院，中国内地男演员[1]。  2008年，参加莎士比亚戏剧节，主演话剧《明》。2010年初，主演话剧《肖邦》，获得由国家文化部颁发的优秀表演奖。2014年，在当代都市剧《大丈夫》中饰演任大伟。2015年，出演电视剧《虎妈猫爸》[2]《小丈夫》[3]。2018年12月，参演的电影《来电狂响》在中国上映。2019年11月，主演的电视剧《庆余年》在腾讯视频、爱奇艺播出。2020年12月31日，主演的电影《温暖的抱抱》在中国内地上映[4]。2021年2月，参演的电视剧《赘婿》定档在爱奇艺播出，在剧中饰演康贤。3月5日，获2021电视剧品质盛典匠心表演剧星奖。3月31日，参演的电视剧《明天我们好好过》定档在央视八套播出。4月16日，主演的电影《八月未央》定档在中国内地上映[5]。');
INSERT INTO `sys_actor` VALUES (59, ' 齐溪', '[\"2022/06/29/a83cbdaabb9b47fa8e017e57a42a5eee.jfif\"]', 175.00, 38, 0, '中央戏剧学院', '汉', 'O型', ' 处女座', '中国', '齐溪，女，毕业于中央戏剧学院，中国内地演员。2001年以舞蹈演员身份参加中央电视台春节联欢晚会。凭借在电影《浮城谜事》中的精彩演出，获得第49届台湾电影金马奖、第7届亚洲电影大奖、第13届华语电影传媒大奖、2010年青年电影手册五项最佳新人奖。2014年出演中国首部约会宝典式轻喜剧《约会专家》，同年参演爱情喜剧电影《坏姐姐之拆婚联盟》。2015年主演爱情电影《万物生长》和《公路美人》。2017年，和周冬雨、张一山主演了电视剧《春风十里不如你》。');
INSERT INTO `sys_actor` VALUES (60, '陈凯歌', '[\"2022/06/29/51823c3a8b954e9fba4c4eb76189e99c.jfif\"]', 175.00, 70, 1, ' 北京电影学院', '汉', 'A型', '狮子座', '中国', '陈凯歌，1952年8月12日出生于北京，中国内地导演，毕业于北京电影学院。 1984年执导电影处女作《黄土地》，该片获得第38届洛迦诺国际电影节银豹奖。1987年凭借剧情片《孩子王》获得第8届中国电影金鸡奖导演特别奖。1993年执导的文艺片《霸王别姬》成为首部获得戛纳国际电影节金棕榈奖的中国电影。1998年执导历史片《荆轲刺秦王》。2002年凭借剧情片《和你在一起》获得第22届中国电影金鸡奖最佳导演。2005年执导的史诗片《无极》提名美国电视电影金球奖最佳外语片奖。2008年获得第21届东京国际电影节黑泽明奖。2010年执导古装片《赵氏孤儿》，同年获得第13届上海国际电影节华语电影杰出贡献奖。2013年担任第26届东京国际电影节评委会主席。2015年执导剧情片《道士下山》。2016年8月执导剧情片《妖猫传》');
INSERT INTO `sys_actor` VALUES (61, '黄渤', '[\"2022/06/29/e51932df9f914a0baf96763b47046d45.jfif\"]', 172.00, 48, 1, '北京电影学院高职学院', '汉', 'O型', '处女座', '中国', '黄渤，中国内地男演员、歌手、配音、编剧、导演，毕业于北京电影学院表演系配音专业，早年曾有过驻唱歌手、舞蹈教练、影视配音等多种工作经历。2000年，出演个人首部由管虎执导的电影《上车走吧》，从而进入演艺圈。2006年，因主演青年新锐导演宁浩的电影《疯狂的石头》而一举成名。2009年，凭借影片《斗牛》与香港演员张家辉共同夺得第46届台湾电影金马奖最佳男主角奖。2012年12月12日，主演的电影《人再囧途之泰囧》上映；同年，主演悬疑喜剧电影《杀生》，获第20届北京大学生电影节最佳男演员奖和第4届中国电影导演协会年度男演员奖。2014年1月30日，登上2014年央视马年春晚表演《我的要求不算高》；同年，主演电影《亲爱的》和《心花路放》。2015年6月，作为固定嘉宾加盟东方卫视真人秀《极限挑战》；11月22日，主演的商战传奇剧《青岛往事》播出；12月18日，主演的电影《寻龙诀》上映。2016年4月17日，其参与的《极限挑战 第二季》在东方卫视播出；5月，以歌手身份加盟索尼音乐；6月27日，发布加入索尼音乐后的个人首支单曲《这就是命》；同年，获第19届华鼎奖最佳男主角奖。2017年4月28日，其主演的电影《记忆大师》上映；6月，凭借主演的电影《冰之下》获得第20届上海国际电影节最佳男演员奖；7月，其加盟的东方卫视大型励志体验真人秀《极限挑战 第三季》播出。2018年1月，参与的文博探索节目《国家宝藏 第一季》播出；4月22日，作为固定嘉宾参加的综艺节目《极限挑战 第四季》播出；同年8月10日，首部执导并主演的电影《一出好戏》上映。其他影视作品有《痞子英雄:黎明升起》《西游·降魔篇》《101次求婚》《黄金大劫案》《锋刃》《大闹天竺》等；音乐作品还有《临时演员》《正义之道》《男人好难》等。');
INSERT INTO `sys_actor` VALUES (62, '张译', '[\"2022/06/29/202696d5365c4514b665447070de88d5.jfif\"]', 178.00, 44, 1, ' 安瑞传媒', '汉', 'A型', '水瓶座', '中国', '张译，1997年至2006年服役于北京军区政治部战友话剧团。2006年，主演电视剧《士兵突击》。2009年，主演抗战剧《我的团长我的团》，并凭借该角色获得2009中国电视榜“最深入人心电视形象”的荣誉；9月，主演孔笙执导的抗战剧《生死线》。2014年9月，主演打拐题材电影《亲爱的》，并凭借饰演的韩德忠一角获得第30届中国电影金鸡奖最佳男配角奖。2015年5月，主演电影《山河故人》。2016年9月，主演悬疑影片《追凶者也》，并凭借该片获得第八届中国电影导演协会年度男演员奖。2017年6月，凭借电视剧《鸡毛飞上天》获第23届上海电视节白玉兰奖最佳男主角奖。2018年2月16日，主演中国首部现代化海军题材电影《红海行动》全国上映，获得36亿的票房成绩。2019年1月，主演的剧情片《一秒钟》入围柏林电影节主竞赛单元，电影《攀登者》《我和我的祖国》于国庆档上映 。');
INSERT INTO `sys_actor` VALUES (63, ' 韩昊霖', '[\"2022/06/29/31d411694446475f9049313775cad41c.jfif\"]', 140.00, 13, 1, '无', '汉', 'A型', '天枰座', '中国', '韩昊霖，童星演员、模特，4岁时被星探在微博发掘，不仅拍摄了众多童装品牌平面广告，还拍摄了上海迪士尼乐园开幕的第一支广告。影视作品有《蜀山战纪》《重耳传》《大唐荣耀》《大唐荣耀2》《红蔷薇》等。');
INSERT INTO `sys_actor` VALUES (64, ' 陈可辛', '[\"2022/06/29/b75f708c239f4d20bd26065fdcd33d1c.jfif\"]', 165.00, 60, 1, ' 格兰岱尔学院', '汉', 'O型', '射手座', '中国', '陈可辛，1962年11月28日生于中国香港，香港导演、监制 ，“香港十大导演”之一 。 1983年，21岁的陈可辛返港。1986年，监制吴宇森导演的《英雄无泪》，自此踏入电影圈。1991年导演首部作品《双城故事》。1992年与曾志伟等成立电影人制作公司（UFO），制作一系列影片，其中《甜蜜蜜》在香港电影金像奖中赢得九项大奖。1998年，陈可辛为斯皮尔伯格梦工厂开拍自己的首部好莱坞电影《情书》 。2000年，陈可辛成立Applause Pictures。2004年执导影片《三更之回家》，影片被选为柏林电影节展映单元开幕电影。 2005年电影《如果·爱》是陈可辛进军内地的首部作品，2013年导演《中国合伙人》总票房近5.5亿元。2014年导演的电影《亲爱的》于9月26日上映，该片在中国内地的票房已超过3亿元。 2014年陈可辛荣登《时尚先生》杂志12月刊封面大片“年度先生特辑”。 2015年，担任第五届北京国际电影节“天坛奖”国际评奖委员会评委。 2017年6月，美国电影艺术与科学学院正式宣布陈可辛成为“2017年奥斯卡”新成员。');
INSERT INTO `sys_actor` VALUES (65, '巩俐', '[\"2022/06/29/67aadc1f4d9d4d8d99e4a27bdc95129c.jfif\"]', 169.00, 53, 0, ' 中央戏剧学院', '汉', 'O型', '魔蝎座', '中国', '巩俐，毕业于中央戏剧学院表演系。毕业后留校任话剧研究所演员。1987年，与导演张艺谋合作《红高粱》而成名。随后出演多部口碑极佳的经典影片。代表作有《霸王别姬》《活着》《秋菊打官司》《唐伯虎点秋香》《归来》等。凭借《大红灯笼高高挂》获得百花奖最佳女主角奖。凭借《秋菊打官司》获得第49届威尼斯国际电影节最佳女演员奖。凭借《霸王别姬》获得纽约影评人协会奖最佳女配角。凭借《漂亮妈妈》获得第24届蒙特利尔国际电影节最佳女主角奖、金鸡奖最佳女主角奖、百花奖最佳女主角奖。凭借《满城尽带黄金甲》获得第26届香港电影金像奖最佳女主角奖。凭借《归来》获得第51届金马奖最佳女主角奖提名。1988年，被法国文化部授予“艺术与文学勋章”军官勋位。2004年摘得戛纳电影节纪念大奖。2006年，上榜《时代周刊》60年亚洲英雄。2010年晋升为司令勋位；同年，被评为美国《君子》史上75位最伟大女性、CNN最伟大25位亚洲演员等。先后担任第50届柏林国际电影节评委会主席、第59届威尼斯国际电影节评委会主席、第16届东京国际电影节评委会主席。');
INSERT INTO `sys_actor` VALUES (66, ' 彭昱畅', '[\"2022/06/29/6f35a4af8b6b41b4be4eee50f68856ab.jfif\"]', 178.00, 28, 1, '上海戏剧学院(12级木偶表演系)', '汉', 'B型', '魔蝎座', '中国', '彭昱畅，毕业于上海戏剧学院。2015年首次参演电视剧《太子妃升职记》，开启演艺之路。2016年在湖南卫视综艺节目《天天向上》中以“天天小兄弟”主持团成员之一身份登场；同年出演明星养成网络剧《明星志愿》和搜狐自制剧《刺客列传》；同年在都市玄幻网剧《器灵》中首次担任男主角。2017年主演青春励志电影《闪光少女》和青春励志剧《浪花一朵朵》。');
INSERT INTO `sys_actor` VALUES (67, ' 陈思诚', '[\"2022/06/29/d73f7b446ddc4f0186564a99a99608e8.jfif\"]', 180.00, 44, 1, ' 中央戏剧学院', '汉', 'B型', '双鱼座', '中国', '陈思诚，1978年2月22日生于辽宁省沈阳市，中国大陆男导演、演员、编剧。2001年凭第一部电影《法官妈妈》中张帅一角获得第八届电影“华表奖”最佳新人奖，第九届大学电影节最佳新人奖以及第二十五届百花奖最佳男演员奖的提名。2006年，因在电视剧《士兵突击》饰演角色“成才”而被大众熟知 ；同年，凭借电影《春风沉醉的夜晚》获第62届戛纳电影节最佳男演员奖提名 ；凭借《守望者：罪恶迷途》中“周栋”一角获第三届英国万像国际华语电影节“优秀男配角奖”。2012年，凭借其自编自导自演的电视剧《北京爱情故事》获得MSN新锐导演奖及乐视年度最期待导演等奖项。2014年，凭借自编自导自演的同名电影《北京爱情故事》获得第21届北京大学生电影节最佳导演处女作奖，该电影票房4.05亿。2015年，凭借其自编自导的电影《唐人街探案》获得第23届北京大学生电影节最佳编剧，该电影中国内地票房超8.24亿元。2018年，其自编自导的喜剧冒险探案系列电影《唐人街探案2》中国内地票房超33.8亿元。同年，担任监制和总编剧并主演电视剧《远大前程》。2018年10月，获颁首届“初心榜中国十大青年电视剧编剧”奖项。2019年1月20日，获得2018—2019中国文娱金数据发布盛典年度影响力编剧奖。');
INSERT INTO `sys_actor` VALUES (68, ' 荣梓杉', '[\"2022/06/29/159154293a7f4e749929aeb4f9164d55.jfif\"]', 165.00, 16, 1, '苏州北美外国语学校', '汉', 'O型', '水瓶座', '中国', '荣梓杉，2006年2月3日出生，中国内地影视演员、平面模特。现居江苏苏州。爱好篮球、游泳、绘画等。2015年，因饰演贾樟柯电影《山河故人》中童年张到乐一角为观众所熟知。 代表作：电影《山河故人》、 《秘果》、 《西小河的夏天》；网剧《最好的我们》；电视剧《旋风少女第二季》、《军师联盟》、《如懿传》等。');
INSERT INTO `sys_actor` VALUES (69, ' 姚晨', '[\"2022/06/29/c937397c5a244db8b1a9a9db5afd684a.jfif\"]', 169.00, 43, 0, '北京电影学院', '汉', 'O型', '天枰座', '中国', '姚晨，中国内地女演员、歌手、配音，毕业于北京电影学院表演系。2005年，凭借情景喜剧《武林外传》中对女侠郭芙蓉的精彩演绎，被广大观众熟知和喜爱。2009年，在和孙红雷主演的谍战大戏《潜伏》中，成功塑造了淳朴女游击队长王翠平一角，再次火遍大江南北。2009年9月，开通了微博，凭借风趣幽默的内容、率真坦诚的个性和极强的亲和力，迅速成为微博粉丝最多的用户。2010年6月，受邀出任联合国难民署中国区代言人，并先后探访菲律宾马尼拉城市难民、泰国梅拉难民。2012年11月，与摄影师曹郁结婚。2013年7月15日，顺产生下一名男婴，取名小土豆。2014年8月4日，主演的电视剧《离婚律师》播出。2015年，入围美国《时代周刊》评选的“全球30位最具网络影响力人物”。2016年，荣获世界经济论坛“水晶奖”；3月16日，当选2016年“全球青年领袖”；4月29日，主演的电影《梦想合伙人》上映；11月9日，诞下一女，取名小茉莉。2017年，主演电影《西游伏妖篇》全国上映；2月，由英国杂志I-Magazine联合Adobe Behances Artists评选出的“2016最时尚面孔”名单新鲜出炉，在亚洲女性最时尚面孔的单元里夺得冠军；4月，加盟的北京卫视大型明星跨界音乐真人秀节目《跨界歌王 第二季》播出。其他作品有《爱出色》《非诚勿扰2》《摇摆de婚约》《搜索》《九层妖塔》等。');
INSERT INTO `sys_actor` VALUES (70, ' 马丽', '[\"2022/06/29/0cc8e39660414107ae58d0a0d4915386.jfif\"]', 168.00, 40, 0, ' 中央戏剧学院表演系', '汉', 'A型', '巨蟹座', '中国', '马丽，演员、配音，毕业于中央戏剧学院表演系。2004年，毕业于北京大学林兆华戏剧研修班。2005年，加入开心麻花团队，成为开心麻花系列舞台剧主演之一，被称为“千场话剧女皇”。2006年，参演话剧《建筑大师》。2009年，主演舞台剧《江湖学院》。2010年，参演喜剧电影《决战刹马镇》；同年，与何炅合作小品《超幸福鞋垫》，之后成功推出“超幸福”系列小品。2012年，出演家庭情感剧《AA制生活》。2013年，首次参加央视蛇年春晚，与沈腾合作小品《今天的幸福2》，并饰演马冬梅。2014年，被冯小刚邀请参加春节联欢会，和沈腾搭档表演小品《扶不扶》。2015年2月17日，参加春节联欢晚会并表演小品《投其所好》；9月30日，主演的青春爱情喜剧电影《夏洛特烦恼》上映；12月31日，其主演的喜剧电影《一念天堂》上映。2016年10月20日，获得2016网易时尚跨界盛典年度最具风格女演员大奖。2017年2月，与贾乃亮主演电影《东北往事之破马张飞》上映；6月，其加盟的明星旅行体验类真人秀节目《旅途的花样 2017》播出；7月14日，主演的电影《喵星人》上映；9月30日，主演的喜剧电影《羞羞的铁拳》上映。2018年1月5日，主持的喜剧综艺《今夜现场秀 第一季》播出。2019年2月12日，主演的电视剧《逆流而上的你》播出；8月16日，参演的电影《龙牌之谜》上映。其他影视作品有《战金岭》《杨光的夏天》《情况不妙》《冰川时代5:星际碰撞》等；参与的综艺节目有《喜剧合伙人 2017》《蒙面唱将猜猜猜 第二季》《大片起来嗨 第一季》《王牌对王牌 第二季》等。');
INSERT INTO `sys_actor` VALUES (71, '常远', '[\"2022/06/29/4c16d63adcdf4235a2bac2a90b8c8b83.jfif\"]', 182.00, 41, 1, '北京电影学院', '汉', 'O型', '天枰座', '中国', '常远，相声表演艺术家常宝华长孙，毕业于北京电影学院。开心麻花签约演员，常氏相声的第四代传人。自幼随爷爷学习相声，并长期参加各种演出，担任过主持人、相声、小品演员等。后又涉足影视剧和话剧，在《家》《雷雨》《离婚指南》《一半是火焰一半是海水》《尘埃落定》《穆斯林葬礼》《复活》等多部话剧里都留下了精彩表现。2009年首次出演开心麻花舞台剧《书桌里的铜锣湾》，之后主演多部开心麻花爆笑舞台剧。2016年5月，其主演的电影《谎言大爆炸》在中国大陆上映。');
INSERT INTO `sys_actor` VALUES (72, ' 魏翔', '[\"2022/06/29/d4c5c3ab6a434e9ab8d3166ba9db0bff.jfif\"]', 170.00, 53, 1, '京电影学院', '汉', 'O型', '天枰座', '中国', '魏翔，演员、导演，开心麻花功勋演员之一。2000年，服役于武警重庆总队政治文工团。 2001年，授予一级士官警衔，专业担任演员队队长，同年荣立三等功。2003年，考入北京电影学院表演学院03高职3班，于2005年毕业。2013年，在春晚表演小品《闹元宵》被广大观众所熟知。 2016年，在热播剧《欢喜密探》中饰演反差萌官差大人。2017年7月7日，其参演的电影《绝世高手》全国上映。2018年7月，参演的电影《西虹市首富》全国上映。其他作品有《小男人遇上大女人》《开心麻花2006》《济公传之活佛登基》《分手大师》等。');
INSERT INTO `sys_actor` VALUES (73, '贾冰', '[\"2022/06/29/82165bec63dc4961bb16cdecc7d0a5d0.webp\"]', 175.00, 42, 1, '中国央视影院', '汉', 'O型', '狮子座', '中国', '贾冰，1980年7月29日出生于辽宁省沈阳市，中国内地男演员，喜联冰语传媒总经理兼董事长，国家一级演员。 2017年，参加东方卫视星素喜剧挑战竞技秀节目《 笑声传奇》，并获得总冠军。2018年2月15日，贾冰在2018年中央电视台春节联欢晚会与 蔡明、 潘长江《 学车》。 2018年4月1日，参加东方卫视《 欢乐喜剧人第四季》获得总冠军称号。2019年参加东方卫视春节联欢晚会与 韩雪、 方芳一起表演小品《爱，回家》。');
INSERT INTO `sys_actor` VALUES (74, '张栾', '[\"2022/06/29/64549e7f5697415898ebb11f9871b6ca.jfif\"]', 175.00, 41, 1, '中国央视影院', '汉', 'O型', '白羊座', '中国', '张栾，代表作品《老师·好》');
INSERT INTO `sys_actor` VALUES (75, ' 李玉', '[\"2022/06/29/3ec3dd55d1fd431abf42d96cb9985f6c.jfif\"]', 168.00, 49, 0, '中国央视影院', '汉', 'Oxing', '射手座', '中国', '李玉，山东人，生于1973年。中学时代就开始在电视台客串主持人，当时的她只有16岁。大学毕业后，李玉应母亲的愿望正式成为山东一家电视台的主持人。几年的主持人生涯给她带来了人前的风光和体面的收入，但几年的工作下来，让她觉得应该寻找一种新的表达自我的方式。于是她辞职来到北京，在北京做了一段时间的场外主持人之后，喜欢上了记录片的拍摄，加入东方时空的《生活空间》，做了一名记录片导演。这几年是她觉得吸取营养最多的几年，其间一直在写小说和剧本。2000年，开始拍摄自己的第一部记实风格的故事长片《今年夏天》。代表作品1996年记录片《姐姐》获中国记录片协会大奖1997年记录片《守望》获CCTV东方时空金奖1998年记录片《光荣与梦想》获中国记录片大赛金奖2001年电影《今年夏天》获威尼斯国际电影节“艾尔维拉娜塔瑞奖”2002年获柏林国际电影节”最佳亚洲影片”特别奖2002年电影剧本《坝上街DamStreet》获釜山电影节PPP最佳原创剧本奖既“PPP哥德堡基金奖”2005年电影《红颜》入围威尼斯国际电影节2006年《苹果》2009年《观音山》');
INSERT INTO `sys_actor` VALUES (76, '马思纯', '[\"2022/06/29/55da3e1edd074229a338c77a154af124.jfif\"]', 171.00, 34, 0, ' 中国传媒大学', '汉', 'O型', '双鱼座', '中国', '马思纯，中国影视女演员，毕业于中国传媒大学播音系。2000年，参演了个人首部电视剧《大宅门》，并在剧中饰演了少年白玉婷。2007年，因担任饶雪漫小说《甜酸》的书模而被更多人所认识。2012年，凭借电影《岁月无声》获得中国电影表演艺术学会最佳新人奖。2014年，凭借青春片《左耳》赢得更多关注，并凭借该片获得第52届台湾金马奖最佳女配角提名以及中国电影表演艺术学会金凤凰奖学会奖；同年与孙俪、刘涛、马苏等人合作出演战国宫廷剧《芈月传》。2015年，主演悬爱剧《他来了请闭眼》；5月，出版个人首本图文随笔集《如果有一件小事是重要的》。2016年，其主演的冒险片《盗墓笔记》票房破十亿；同年，凭借剧情片《七月与安生》获得第53届台湾电影金马奖最佳女主角奖。2017年10月25日，主演的古装言情剧《将军在上》在优酷视频独播。2018年4月4日，主演的爱情喜剧片《奇葩朵朵》上映；7月，主演的徐克执导电影《狄仁杰之四大天王》上映；9月17日，主演的都市刑侦剧《橙红年代》首播。其他作品有《武媚娘传奇》《不可思议的夏天》《摩登新人类》等。');
INSERT INTO `sys_actor` VALUES (77, ' 王俊凯', '[\"2022/06/29/9c25b11241044ab9aa62070334677944.jfif\"]', 180.00, 22, 1, ' 北京电影学院', '汉', 'O型', '处女座', '中国', '王俊凯，中国内地流行乐男歌手、影视演员、TFBOYS队长。2013年8月6日，与王源、易烊千玺三人组成组合TFBOYS正式出道，陆续发行《青春修炼手册》等单曲。2015年6月22日以在2014年9月21日发表的生日博文获得吉尼斯世界纪录里转发量最多的一条微博。后进军影视界，参演了张艺谋导演的中美合拍电影《长城》，出演小皇帝一角；2017年4月首个个人综艺《高能少年团》开播；6月受邀出席2018春夏米兰男装周，并担任Dolce&Gabbana品牌史上第一个为走秀开场并领衔闭幕的明星；8月22日，由韩杰执导改编自日本著名作家东野圭吾的奇幻电影《解忧杂货店》宣布王俊凯饰演男主角小波；9月登上《时尚芭莎》九月刊下慈善双封，成为其史上年龄最小的单人封面人物创下三大纪录；发行十八岁单曲《焕蓝未来·KarryOn》，并成立“焕蓝未来公益金”。9月，进入北京电影学院表演系本科班就读。12月6日，被宣布担任电视剧《天坑鹰猎》的男主角张保庆，同月荣获《中国新闻周刊》“影响中国”2017年度演艺人物。');
INSERT INTO `sys_actor` VALUES (78, '范伟', '[\"2022/06/29/40bcadfdab074563a1956ca60c507463.jfif\"]', 174.00, 60, 1, '中国央视学院', '汉', 'B型', '处女座', '中国', '范伟，喜剧表演艺术家、国家一级演员。1995年，范伟第一次登上中央电视台春节联欢晚会的舞台并表演小品《牛大叔提干》。2001年，在中央电视台春节联欢晚会上表演小品《卖拐》并获得小品类一等奖。2003年，范伟获得“辽宁省十大杰出青年”称号 。2006年，凭借在章家瑞执导的电影《芳香之旅》中的出色表现，获得第30届埃及开罗国际电影节特别表演奖（金钥匙奖）。2007年，主演喜剧电影《耳朵大有福》，饰演王抗美并获得了第9届华语电影传媒大奖最佳男主角奖。2009年，主演电视剧《老大的幸福》，此后获得了第25届中国电视金鹰奖观众喜爱的电视剧男演员奖和第16届上海电视节最具号召力男演员奖两项大奖。2011年，在电视剧《先结婚后恋爱》中饰演滕飞。2013年主演战争喜剧《上阵父子兵》，饰演乔日成。2014年，主演电视剧《小宝和老财》，饰演周老财。2016年，主演抗日题材电影《不成问题的问题》，饰丁务源。');
INSERT INTO `sys_actor` VALUES (79, ' 曾美慧孜', '[\"2022/06/29/ee93b9b888d14f60b4663dd0ee60aca6.jfif\"]', 168.00, 34, 0, '中国传媒大学播音主持艺术学院', '汉', 'O型', '天枰座', '中国', '曾美慧孜，身高：166cm体重：48kg三围：935994特长：琵琶、古典舞、爵士舞、长跑、声乐……艺术经历：2002年全国“新苗杯”主持人大赛（由CCTV承办）获全国第三名并获得北京广播学院音系免试入学资格2003年在北京艺术特长招生考试中获影视编导一级证书全国青春美少女大赛亚军（由CCTV承办）拍摄“淑女屋”广告拍摄“麦当劳”广告2004年参加由娄烨执导的电影新作《颐和园》的拍摄，扮演女二号冬冬在这个孤独的城市中，孤独的我会继续坚持着我孤独而伟大的梦想继续前行在这条孤独的路上除非我死，否则绝不放弃！！！主要作品在《苹果》、《颐和园》等影片中的出彩表现为她赢得圈内人的好口碑。《钦差大臣》-民女（曾美慧孜饰）2010年热播电视剧《手机》扮演牛彩云');
INSERT INTO `sys_actor` VALUES (80, ' 王梓骏', '[\"2022/06/29/a3fff21c66674254a58b9c26909b00f8.jfif\"]', 180.00, 33, 1, '中国央视影院', '汉', 'O型', '射手座', '中国', '王梓骏，本科毕业于中原工学院广播电视编导专业，研究生毕业于河南大学艺术学院 代表作品：短片《情人节》《Sorry Siri》网剧《不过是分手（第一季）》院线电影《我们的样子像极了爱情》');
INSERT INTO `sys_actor` VALUES (81, '李孝谦', '[\"2022/06/29/8a469c05842b4676b1d6e2980a96dc95.jfif\"]', 184.00, 21, 1, '中国央视影院', '汉', 'O型', '处女座', '中国', '李孝谦，2001年4月4日出生于河南省，2019年考进上海戏剧学院表演系本科班。2020年参演电影《我真的讨厌异地恋》饰李唐。');
INSERT INTO `sys_actor` VALUES (82, '漆昱辰', '[\"2022/06/29/8dd60716db2e4e9bba557de0b2e579da.webp\"]', 163.00, 21, 0, '中国央视影院', '汉', 'O型', '射手座', '中国', '漆昱辰，出生于四川省成都市，中国内地影视女演员。 2020年，主演的网络剧《 快和可爱的我，相遇》开机。2022年2月14日，主演的电影《 十年一品温如言》上映');
INSERT INTO `sys_actor` VALUES (83, '修雨秀', '[\"2022/06/29/591d5b71053540dab59d382eba60b063.jpg\"]', 168.00, 21, 0, '北京电影学院(2019级)', '汉', 'O型', '射手座', '中国', '修雨秀，出生于2001年10月24日，中国内地影视女演员，就读于北京电影学院。2022年4月29日，修雨秀主演的校园青春片《 我是真的讨厌异地恋》上映。');
INSERT INTO `sys_actor` VALUES (84, ' 德里克·德莱蒙', '[\"2022/06/29/159b219f506646528e1d76ea1245cc14.jpg\"]', 180.00, 54, 1, '美国', '美国', 'O型', '天蝎座', '美国', '德里克·德莱蒙，编剧、导演、制片人，参与作品《海绵宝宝第一季》《猫狗第一季》《海绵宝宝历险记》。');
INSERT INTO `sys_actor` VALUES (85, ' 詹妮弗·克鲁斯卡', '[\"2022/06/29/0ef2086ab04c4735b9dce58f90421f2a.jpg\"]', 171.00, 36, 0, '美国', '美国', 'O型', '魔蝎座', '美国', '导演 | 制片人 | 编剧');
INSERT INTO `sys_actor` VALUES (86, '布赖恩·哈尔', '[\"2022/06/29/77eee2660ccd470dbb22a96bcaee9537.jpg\"]', 180.00, 35, 1, '美国', '美国', 'O型', '天蝎座', '美国', '布赖恩·哈尔，布莱恩·哈尔是洛杉矶的配音演员。布莱恩来自德克萨斯州的曼斯菲尔德，当他的YouTube视频“迪斯尼和皮克斯唱着放手”走红时，他很快就获得了配音表演的关注。这引起了许多动画工作室的注意，包括沃尔特迪斯尼工作室，他一直在追求一个声音表演的职业生涯。他因在《普斯塔》中扮演默里而闻名。');
INSERT INTO `sys_actor` VALUES (87, '安迪·萨姆伯格', '[\"2022/06/29/d88886d1ee2f4a2192349cd835bd9fe3.jpg\"]', 180.00, 44, 1, '纽约大学', '美国', 'O型', '狮子座', '美国', '安迪·萨姆伯格（Andy Samberg），1978年8月18日出生于美国加利福尼亚州伯克利，美国演员、编剧、制作人、导演、主持人，毕业于纽约大学。 2001年，安迪·萨姆伯格成为三人喜剧表演团体 The Lonely Island成员之一；同年，执导个人首部短片《美白成瘾》。2005年，正式成为SNL的演员，并开始担任综艺节目《 周六夜现场》的编剧。2007年，主演个人第一部电影《 飞车手罗德》；同年，与 贾斯汀·汀布莱克合作的歌曲《Dick In A Box》入围第59届艾美奖最佳原创音乐及作词奖。2009年，为动画喜剧电影《 天降美食》配音。2010年，创作的歌曲《Shy Ronnie》入围第62届艾美奖最佳原创音乐及作词奖。2012年，安迪结束与SNL的合约。2013年，凭借侦探剧《 神烦警探第一季》获得第71届美国金球奖电视类-喜剧类剧集最佳男主角奖。2015年，主持第67届艾美奖颁奖礼。2017年，主演的体育喜剧电影《 环药房自行车赛》上映。2018年，担任青春剧《一起单身》的编剧和制片人；同年，为动画电影《 精灵旅社3：疯狂假期》配音。');

-- ----------------------------
-- Table structure for sys_actor_movie
-- ----------------------------
DROP TABLE IF EXISTS `sys_actor_movie`;
CREATE TABLE `sys_actor_movie`  (
  `movie_id` bigint(20) UNSIGNED NOT NULL COMMENT '电影id',
  `actor_id` bigint(20) UNSIGNED NOT NULL COMMENT '演员id',
  `actor_role_Id` bigint(20) UNSIGNED NOT NULL COMMENT '参演角色id',
  PRIMARY KEY (`movie_id`, `actor_id`, `actor_role_Id`) USING BTREE
) ENGINE = InnoDB CHARACTER SET = utf8 COLLATE = utf8_general_ci ROW_FORMAT = Dynamic;

-- ----------------------------
-- Records of sys_actor_movie
-- ----------------------------
INSERT INTO `sys_actor_movie` VALUES (43, 37, 2);
INSERT INTO `sys_actor_movie` VALUES (43, 38, 2);
INSERT INTO `sys_actor_movie` VALUES (43, 39, 2);
INSERT INTO `sys_actor_movie` VALUES (43, 40, 2);
INSERT INTO `sys_actor_movie` VALUES (43, 41, 2);
INSERT INTO `sys_actor_movie` VALUES (43, 42, 2);
INSERT INTO `sys_actor_movie` VALUES (43, 43, 2);
INSERT INTO `sys_actor_movie` VALUES (44, 44, 2);
INSERT INTO `sys_actor_movie` VALUES (44, 45, 2);
INSERT INTO `sys_actor_movie` VALUES (44, 46, 2);
INSERT INTO `sys_actor_movie` VALUES (44, 47, 2);
INSERT INTO `sys_actor_movie` VALUES (44, 48, 2);
INSERT INTO `sys_actor_movie` VALUES (45, 49, 2);
INSERT INTO `sys_actor_movie` VALUES (45, 50, 2);
INSERT INTO `sys_actor_movie` VALUES (45, 51, 2);
INSERT INTO `sys_actor_movie` VALUES (45, 52, 2);
INSERT INTO `sys_actor_movie` VALUES (49, 53, 1);
INSERT INTO `sys_actor_movie` VALUES (49, 54, 2);
INSERT INTO `sys_actor_movie` VALUES (49, 55, 2);
INSERT INTO `sys_actor_movie` VALUES (50, 56, 2);
INSERT INTO `sys_actor_movie` VALUES (50, 57, 1);
INSERT INTO `sys_actor_movie` VALUES (50, 58, 2);
INSERT INTO `sys_actor_movie` VALUES (50, 59, 2);
INSERT INTO `sys_actor_movie` VALUES (51, 60, 1);
INSERT INTO `sys_actor_movie` VALUES (51, 61, 2);
INSERT INTO `sys_actor_movie` VALUES (51, 62, 2);
INSERT INTO `sys_actor_movie` VALUES (51, 63, 2);
INSERT INTO `sys_actor_movie` VALUES (52, 61, 2);
INSERT INTO `sys_actor_movie` VALUES (52, 64, 1);
INSERT INTO `sys_actor_movie` VALUES (52, 65, 2);
INSERT INTO `sys_actor_movie` VALUES (52, 66, 2);
INSERT INTO `sys_actor_movie` VALUES (53, 61, 2);
INSERT INTO `sys_actor_movie` VALUES (53, 66, 1);
INSERT INTO `sys_actor_movie` VALUES (53, 68, 2);
INSERT INTO `sys_actor_movie` VALUES (53, 69, 2);
INSERT INTO `sys_actor_movie` VALUES (54, 70, 2);
INSERT INTO `sys_actor_movie` VALUES (54, 71, 2);
INSERT INTO `sys_actor_movie` VALUES (54, 72, 2);
INSERT INTO `sys_actor_movie` VALUES (54, 73, 2);
INSERT INTO `sys_actor_movie` VALUES (54, 74, 1);
INSERT INTO `sys_actor_movie` VALUES (55, 75, 1);
INSERT INTO `sys_actor_movie` VALUES (55, 76, 2);
INSERT INTO `sys_actor_movie` VALUES (55, 77, 2);
INSERT INTO `sys_actor_movie` VALUES (55, 78, 2);
INSERT INTO `sys_actor_movie` VALUES (55, 79, 2);
INSERT INTO `sys_actor_movie` VALUES (56, 80, 1);
INSERT INTO `sys_actor_movie` VALUES (56, 81, 2);
INSERT INTO `sys_actor_movie` VALUES (56, 82, 2);
INSERT INTO `sys_actor_movie` VALUES (56, 83, 2);
INSERT INTO `sys_actor_movie` VALUES (57, 84, 1);
INSERT INTO `sys_actor_movie` VALUES (57, 85, 2);
INSERT INTO `sys_actor_movie` VALUES (57, 86, 2);
INSERT INTO `sys_actor_movie` VALUES (57, 87, 2);

-- ----------------------------
-- Table structure for sys_actor_role
-- ----------------------------
DROP TABLE IF EXISTS `sys_actor_role`;
CREATE TABLE `sys_actor_role`  (
  `actor_role_id` bigint(20) UNSIGNED NOT NULL AUTO_INCREMENT COMMENT '参演角色id',
  `actor_role_name` varchar(255) CHARACTER SET utf8 COLLATE utf8_general_ci NOT NULL COMMENT '参演角色名称',
  PRIMARY KEY (`actor_role_id`) USING BTREE
) ENGINE = InnoDB AUTO_INCREMENT = 16 CHARACTER SET = utf8 COLLATE = utf8_general_ci ROW_FORMAT = Dynamic;

-- ----------------------------
-- Records of sys_actor_role
-- ----------------------------
INSERT INTO `sys_actor_role` VALUES (1, '导演');
INSERT INTO `sys_actor_role` VALUES (2, '演员');
INSERT INTO `sys_actor_role` VALUES (3, '编剧');
INSERT INTO `sys_actor_role` VALUES (4, '制片人');
INSERT INTO `sys_actor_role` VALUES (6, '摄影指导');
INSERT INTO `sys_actor_role` VALUES (7, '摄影师');
INSERT INTO `sys_actor_role` VALUES (8, '美术指导');
INSERT INTO `sys_actor_role` VALUES (9, '录音指导');
INSERT INTO `sys_actor_role` VALUES (10, '剪辑师');
INSERT INTO `sys_actor_role` VALUES (11, '作曲');
INSERT INTO `sys_actor_role` VALUES (12, '音乐');
INSERT INTO `sys_actor_role` VALUES (13, '副导演');
INSERT INTO `sys_actor_role` VALUES (14, '音效');
INSERT INTO `sys_actor_role` VALUES (15, '其他');

-- ----------------------------
-- Table structure for sys_bill
-- ----------------------------
DROP TABLE IF EXISTS `sys_bill`;
CREATE TABLE `sys_bill`  (
  `bill_id` bigint(20) UNSIGNED NOT NULL AUTO_INCREMENT COMMENT '订单id',
  `bill_state` tinyint(3) UNSIGNED NOT NULL DEFAULT 0 COMMENT '订单状态，1表示已完成，0表示未支付',
  `user_id` bigint(20) UNSIGNED NOT NULL COMMENT '用户id',
  `session_id` bigint(20) UNSIGNED NOT NULL COMMENT '场次id',
  `seats` json NOT NULL COMMENT '购买的座位号，可能为多个，使用json传输',
  `bill_date` datetime(0) NOT NULL COMMENT '订单日期',
  PRIMARY KEY (`bill_id`) USING BTREE
) ENGINE = InnoDB AUTO_INCREMENT = 15 CHARACTER SET = utf8 COLLATE = utf8_general_ci ROW_FORMAT = Dynamic;

-- ----------------------------
-- Records of sys_bill
-- ----------------------------

-- ----------------------------
-- Table structure for sys_cinema
-- ----------------------------
DROP TABLE IF EXISTS `sys_cinema`;
CREATE TABLE `sys_cinema`  (
  `cinema_id` bigint(20) UNSIGNED NOT NULL AUTO_INCREMENT COMMENT '影院id',
  `cinema_name` varchar(255) CHARACTER SET utf8 COLLATE utf8_general_ci NOT NULL COMMENT '影院名',
  `cinema_brand_id` bigint(20) UNSIGNED NOT NULL COMMENT '影院品牌id',
  `cinema_picture` json NULL COMMENT '影院图片，json类型存储多张图片',
  `is_ticket_changed` tinyint(3) UNSIGNED NOT NULL DEFAULT 0 COMMENT '能否改签，1表示可以，0表示不能',
  `is_refunded` tinyint(3) UNSIGNED NOT NULL DEFAULT 0 COMMENT '能否退款，1表示可以，0表示不能',
  `cinema_area_id` bigint(20) UNSIGNED NOT NULL COMMENT '所属区域id',
  `cinema_address` varchar(255) CHARACTER SET utf8 COLLATE utf8_general_ci NULL DEFAULT NULL COMMENT '详细地址',
  `user_id` bigint(20) UNSIGNED NOT NULL COMMENT '联系人(负责人)id',
  `entry_date` date NULL DEFAULT NULL COMMENT '影院入驻日期',
  PRIMARY KEY (`cinema_id`) USING BTREE
) ENGINE = InnoDB AUTO_INCREMENT = 38 CHARACTER SET = utf8 COLLATE = utf8_general_ci ROW_FORMAT = Dynamic;

-- ----------------------------
-- Records of sys_cinema
-- ----------------------------
INSERT INTO `sys_cinema` VALUES (1, '万达影城（经开万达广场店）', 1, '[\"2022/06/27/87efab514b5d4b5581ba7071eb201eba.jpg\"]', 1, 0, 2, '金州区经济技术开发区辽河西路117号万达广场四楼', 1, '2020-06-09');
INSERT INTO `sys_cinema` VALUES (2, '万达影城（港汇店）', 1, '[\"/images/cinema/2020/12/15/e55fa50224ce42caa0e1b1871663fb79.jpg\", \"/images/cinema/2020/12/15/4f18270b91ea47e691d4f2e71321ec89.jpg\", \"/images/cinema/2020/12/15/de03f508ee8f4c0181254bcf9cc5a2ab.jpg\"]', 1, 0, 3, '中山区天津街国泰港汇中心6层（新世界百货西侧）', 2, '2022-06-15');
INSERT INTO `sys_cinema` VALUES (3, '中影华臣影城（黑石礁富丽庭店）', 2, '[\"/images/cinema/2020/12/15/4bfaf8909ea845139b176ae0c60d152b.jpg\", \"/images/cinema/2020/12/15/a8a9ce5f97fc4e8f94af491981e0098f.jpg\"]', 1, 1, 4, '沙河口区中山路673号富丽庭生活广场3F', 3, '2022-06-15');
INSERT INTO `sys_cinema` VALUES (4, '博纳国际影城IMAX（中央大道店）', 3, '[\"/images/cinema/2020/12/15/04e185afd6a8457a9f960240af8cbebe.jpg\"]', 1, 0, 4, '沙河口区西安路103号中央大道旅游购物中心5层', 4, '2022-06-15');
INSERT INTO `sys_cinema` VALUES (5, '苏宁影城（亿锋广场店）', 8, '[\"/images/cinema/2020/12/15/f0e69a1d126c42be951337251884a8a6.jpg\"]', 1, 1, 2, '金州区开发区金马路169号亿锋苏宁易购2层苏宁影城', 5, '2022-06-15');
INSERT INTO `sys_cinema` VALUES (6, '上影国际影城（百年港湾IMAX店）', 12, '[\"/images/cinema/2020/12/15/5d8a4ae389b44cf3af73587259a47c02.jpg\"]', 1, 1, 8, '西岗区香炉礁百年港湾奥特莱斯A2区2楼', 6, '2022-06-15');
INSERT INTO `sys_cinema` VALUES (7, '百丽宫（LUXE巨幕）影城恒隆广场店', 16, '[\"/images/cinema/2020/12/15/730319251df54095b3d54a908d78534a.jpg\", \"/images/cinema/2020/12/15/65c44173e32c469dbac7d075b7c49dda.jpg\"]', 1, 0, 8, '西岗区五四路66号恒隆广场4层', 7, '2022-06-15');
INSERT INTO `sys_cinema` VALUES (8, '橙天嘉禾影城（万和汇店）', 11, '[\"/images/cinema/2020/12/15/c02cb0c58a5e4c469bdb2dea83ef16eb.jpg\", \"/images/cinema/2020/12/15/4dad1006d9b24ee8b72115b57949fcf2.jpg\", \"/images/cinema/2020/12/15/5e85858b73aa40c2b65be423d09ca71e.jpg\"]', 1, 1, 2, '金州区开发区金马路万和汇购物广场4-5楼', 9, '2022-06-15');
INSERT INTO `sys_cinema` VALUES (9, 'CGV影城（东港IMAX店）', 6, '[\"/images/cinema/2020/12/15/6e24bb8ca77a4ba29c03fc4b461153e1.jpg\", \"/images/cinema/2020/12/15/1f3f8b869c174c35ba314c5169dc2cf8.jpg\", \"/images/cinema/2020/12/15/d81a78634dd94d2d891664a5a1fa8381.jpg\"]', 0, 0, 3, '中山区长江东路80号凯丹购物广场4层', 10, '2022-06-15');
INSERT INTO `sys_cinema` VALUES (10, ' 中影北方国际影城', 18, '[\"/images/cinema/2020/12/15/1f5bf7570a6f4a2db9155b39c4346f96.jpg\"]', 1, 1, 1, '甘井子区泉水瑞沃广场3楼', 11, '2022-06-15');
INSERT INTO `sys_cinema` VALUES (11, '佳兆业国际影城（佳兆业店）', 18, '[\"/images/cinema/2020/12/15/01afb74db476472e913285607d2f0e11.jpg\", \"/images/cinema/2020/12/15/f2a709ff33774840930a85fca3cfe331.jpg\"]', 1, 1, 3, '中山区天津街271号佳兆业广场3楼L301号（近新世界百货）', 12, '2022-06-15');

-- ----------------------------
-- Table structure for sys_cinema_area
-- ----------------------------
DROP TABLE IF EXISTS `sys_cinema_area`;
CREATE TABLE `sys_cinema_area`  (
  `cinema_area_id` bigint(20) UNSIGNED NOT NULL AUTO_INCREMENT COMMENT '主键区域id',
  `province` varchar(255) CHARACTER SET utf8 COLLATE utf8_general_ci NOT NULL COMMENT '区域所属省份',
  `city` varchar(255) CHARACTER SET utf8 COLLATE utf8_general_ci NOT NULL COMMENT '区域所属市',
  `cinema_area_name` varchar(255) CHARACTER SET utf8 COLLATE utf8_general_ci NOT NULL COMMENT '区域名称',
  PRIMARY KEY (`cinema_area_id`) USING BTREE
) ENGINE = InnoDB AUTO_INCREMENT = 12 CHARACTER SET = utf8 COLLATE = utf8_general_ci ROW_FORMAT = Dynamic;

-- ----------------------------
-- Records of sys_cinema_area
-- ----------------------------
INSERT INTO `sys_cinema_area` VALUES (1, '辽宁省', '大连市', '甘井子区');
INSERT INTO `sys_cinema_area` VALUES (2, '辽宁省', '大连市', '金州区');
INSERT INTO `sys_cinema_area` VALUES (3, '辽宁省', '大连市', '中山区');
INSERT INTO `sys_cinema_area` VALUES (4, '辽宁省', '大连市', '沙河口区');
INSERT INTO `sys_cinema_area` VALUES (5, '辽宁省', '大连市', '瓦房店市');
INSERT INTO `sys_cinema_area` VALUES (6, '辽宁省', '大连市', '普兰店市');
INSERT INTO `sys_cinema_area` VALUES (7, '辽宁省', '大连市', '旅顺口区');
INSERT INTO `sys_cinema_area` VALUES (8, '辽宁省', '大连市', '西岚区');
INSERT INTO `sys_cinema_area` VALUES (9, '辽宁省', '大连市', '庄河市');
INSERT INTO `sys_cinema_area` VALUES (10, '辽宁省', '大连市', '长海县');
INSERT INTO `sys_cinema_area` VALUES (11, '辽宁省', '大连市', '金石滩');

-- ----------------------------
-- Table structure for sys_cinema_brand
-- ----------------------------
DROP TABLE IF EXISTS `sys_cinema_brand`;
CREATE TABLE `sys_cinema_brand`  (
  `cinema_brand_id` bigint(20) UNSIGNED NOT NULL AUTO_INCREMENT COMMENT '影院品牌id',
  `cinema_brand_name` varchar(20) CHARACTER SET utf8 COLLATE utf8_general_ci NOT NULL COMMENT '影院品牌名称',
  PRIMARY KEY (`cinema_brand_id`) USING BTREE
) ENGINE = InnoDB AUTO_INCREMENT = 23 CHARACTER SET = utf8 COLLATE = utf8_general_ci ROW_FORMAT = Dynamic;

-- ----------------------------
-- Records of sys_cinema_brand
-- ----------------------------
INSERT INTO `sys_cinema_brand` VALUES (1, '万达影城');
INSERT INTO `sys_cinema_brand` VALUES (2, '华臣影城');
INSERT INTO `sys_cinema_brand` VALUES (3, '博纳国际影城');
INSERT INTO `sys_cinema_brand` VALUES (4, '金逸影城');
INSERT INTO `sys_cinema_brand` VALUES (5, '中影星感觉影城');
INSERT INTO `sys_cinema_brand` VALUES (6, 'CGV影城');
INSERT INTO `sys_cinema_brand` VALUES (7, '大地影院');
INSERT INTO `sys_cinema_brand` VALUES (8, '苏宁影城');
INSERT INTO `sys_cinema_brand` VALUES (9, '中影星美国际影城');
INSERT INTO `sys_cinema_brand` VALUES (10, '今世界影城');
INSERT INTO `sys_cinema_brand` VALUES (11, '橙天嘉禾影城');
INSERT INTO `sys_cinema_brand` VALUES (12, '上影国际影城');
INSERT INTO `sys_cinema_brand` VALUES (13, '大商影城');
INSERT INTO `sys_cinema_brand` VALUES (14, '米高梅国际影城');
INSERT INTO `sys_cinema_brand` VALUES (15, '恒大嘉凯影城');
INSERT INTO `sys_cinema_brand` VALUES (16, '百丽宫影城');
INSERT INTO `sys_cinema_brand` VALUES (17, '明星时代影城');
INSERT INTO `sys_cinema_brand` VALUES (18, '其他');

-- ----------------------------
-- Table structure for sys_hall
-- ----------------------------
DROP TABLE IF EXISTS `sys_hall`;
CREATE TABLE `sys_hall`  (
  `cinema_id` bigint(20) UNSIGNED NOT NULL COMMENT '影院id',
  `hall_id` bigint(20) UNSIGNED NOT NULL COMMENT '影厅id',
  `hall_name` varchar(255) CHARACTER SET utf8 COLLATE utf8_general_ci NOT NULL COMMENT '影厅名称',
  `hall_category_id` bigint(20) UNSIGNED NOT NULL COMMENT '影厅类别id',
  `row_start` varchar(10) CHARACTER SET utf8 COLLATE utf8_general_ci NULL DEFAULT '1' COMMENT '排开始编号，如1排/A排，默认1排',
  `row_nums` smallint(5) UNSIGNED NULL DEFAULT 10 COMMENT '排数，默认10',
  `seat_nums_row` smallint(5) UNSIGNED NULL DEFAULT 18 COMMENT '每排的座位数，默认18',
  `seat_nums` smallint(5) UNSIGNED NULL DEFAULT 180 COMMENT '总可用座位数，用于判断影厅是否做满，默认180',
  `seat_state` json NULL COMMENT '所有座位的状态，0表示可用，1表示禁用，2表示售出，在场次表中体现',
  `hall_state` tinyint(4) NULL DEFAULT NULL COMMENT '影厅状态，1表示启用，0表示未启用',
  PRIMARY KEY (`cinema_id`, `hall_id`) USING BTREE
) ENGINE = InnoDB CHARACTER SET = utf8 COLLATE = utf8_general_ci ROW_FORMAT = Dynamic;

-- ----------------------------
-- Records of sys_hall
-- ----------------------------
INSERT INTO `sys_hall` VALUES (1, 1, '1号激光厅', 1, '1', 10, 10, 94, '{\"1\": [0, 0, 0, 0, 0, 0, 0, 0, 0, 0], \"2\": [0, 0, 0, 0, 0, 0, 0, 0, 0, 0], \"3\": [0, 0, 0, 0, 0, 0, 0, 0, 0, 0], \"4\": [0, 0, 0, 0, 0, 0, 0, 0, 0, 0], \"5\": [0, 0, 0, 0, 0, 0, 0, 0, 0, 0], \"6\": [0, 0, 0, 0, 0, 0, 0, 0, 0, 0], \"7\": [0, 0, 0, 0, 0, 0, 0, 0, 0, 0], \"8\": [0, 0, 0, 0, 1, 1, 0, 0, 0, 0], \"9\": [0, 0, 0, 0, 1, 1, 0, 0, 0, 0], \"10\": [0, 0, 0, 0, 1, 1, 0, 0, 0, 0]}', 1);
INSERT INTO `sys_hall` VALUES (1, 2, '2号厅', 2, '1', 10, 18, 160, '{\"1\": [0, 0, 0, 1, 0, 0, 0, 0, 0, 0, 0, 0, 0, 0, 1, 0, 0, 0], \"2\": [0, 0, 0, 1, 0, 0, 0, 0, 0, 0, 0, 0, 0, 0, 1, 0, 0, 0], \"3\": [0, 0, 0, 1, 0, 0, 0, 0, 0, 0, 0, 0, 0, 0, 1, 0, 0, 0], \"4\": [0, 0, 0, 1, 0, 0, 0, 0, 0, 0, 0, 0, 0, 0, 1, 0, 0, 0], \"5\": [0, 0, 0, 1, 0, 0, 0, 0, 0, 0, 0, 0, 0, 0, 1, 0, 0, 0], \"6\": [0, 0, 0, 1, 0, 0, 0, 0, 0, 0, 0, 0, 0, 0, 1, 0, 0, 0], \"7\": [0, 0, 0, 1, 0, 0, 0, 0, 0, 0, 0, 0, 0, 0, 1, 0, 0, 0], \"8\": [0, 0, 0, 1, 0, 0, 0, 0, 0, 0, 0, 0, 0, 0, 1, 0, 0, 0], \"9\": [0, 0, 0, 1, 0, 0, 0, 0, 0, 0, 0, 0, 0, 0, 1, 0, 0, 0], \"10\": [0, 0, 0, 1, 0, 0, 0, 0, 0, 0, 0, 0, 0, 0, 1, 0, 0, 0]}', 1);
INSERT INTO `sys_hall` VALUES (1, 3, '3号厅', 4, '1', 7, 7, 49, '{\"1\": [0, 0, 0, 0, 0, 0, 0], \"2\": [0, 0, 0, 0, 0, 0, 0], \"3\": [0, 0, 0, 0, 0, 0, 0], \"4\": [0, 0, 0, 0, 0, 0, 0], \"5\": [0, 0, 0, 0, 0, 0, 0], \"6\": [0, 0, 0, 0, 0, 0, 0], \"7\": [0, 0, 0, 0, 0, 0, 0]}', 1);
INSERT INTO `sys_hall` VALUES (1, 4, '4号厅', 7, '1', 15, 18, 270, '{\"1\": [0, 0, 0, 0, 0, 0, 0, 0, 0, 0, 0, 0, 0, 0, 0, 0, 0, 0], \"2\": [0, 0, 0, 0, 0, 0, 0, 0, 0, 0, 0, 0, 0, 0, 0, 0, 0, 0], \"3\": [0, 0, 0, 0, 0, 0, 0, 0, 0, 0, 0, 0, 0, 0, 0, 0, 0, 0], \"4\": [0, 0, 0, 0, 0, 0, 0, 0, 0, 0, 0, 0, 0, 0, 0, 0, 0, 0], \"5\": [0, 0, 0, 0, 0, 0, 0, 0, 0, 0, 0, 0, 0, 0, 0, 0, 0, 0], \"6\": [0, 0, 0, 0, 0, 0, 0, 0, 0, 0, 0, 0, 0, 0, 0, 0, 0, 0], \"7\": [0, 0, 0, 0, 0, 0, 0, 0, 0, 0, 0, 0, 0, 0, 0, 0, 0, 0], \"8\": [0, 0, 0, 0, 0, 0, 0, 0, 0, 0, 0, 0, 0, 0, 0, 0, 0, 0], \"9\": [0, 0, 0, 0, 0, 0, 0, 0, 0, 0, 0, 0, 0, 0, 0, 0, 0, 0], \"10\": [0, 0, 0, 0, 0, 0, 0, 0, 0, 0, 0, 0, 0, 0, 0, 0, 0, 0], \"11\": [0, 0, 0, 0, 0, 0, 0, 0, 0, 0, 0, 0, 0, 0, 0, 0, 0, 0], \"12\": [0, 0, 0, 0, 0, 0, 0, 0, 0, 0, 0, 0, 0, 0, 0, 0, 0, 0], \"13\": [0, 0, 0, 0, 0, 0, 0, 0, 0, 0, 0, 0, 0, 0, 0, 0, 0, 0], \"14\": [0, 0, 0, 0, 0, 0, 0, 0, 0, 0, 0, 0, 0, 0, 0, 0, 0, 0], \"15\": [0, 0, 0, 0, 0, 0, 0, 0, 0, 0, 0, 0, 0, 0, 0, 0, 0, 0]}', 1);
INSERT INTO `sys_hall` VALUES (1, 5, '5号厅', 10, '1', 10, 10, 92, '{\"1\": [0, 0, 0, 0, 0, 0, 0, 0, 0, 0], \"2\": [0, 0, 0, 0, 0, 0, 0, 0, 0, 0], \"3\": [0, 0, 0, 0, 0, 0, 0, 0, 0, 0], \"4\": [0, 0, 0, 0, 0, 0, 0, 0, 0, 0], \"5\": [0, 0, 0, 0, 0, 0, 0, 0, 0, 0], \"6\": [0, 0, 0, 0, 0, 0, 0, 0, 0, 0], \"7\": [1, 0, 0, 0, 0, 0, 0, 0, 0, 1], \"8\": [1, 0, 0, 0, 0, 0, 0, 0, 0, 1], \"9\": [1, 0, 0, 0, 0, 0, 0, 0, 0, 1], \"10\": [1, 0, 0, 0, 0, 0, 0, 0, 0, 1]}', 1);
INSERT INTO `sys_hall` VALUES (1, 6, '6号厅', 14, '1', 20, 18, 360, '{\"1\": [0, 0, 0, 0, 0, 0, 0, 0, 0, 0, 0, 0, 0, 0, 0, 0, 0, 0], \"2\": [0, 0, 0, 0, 0, 0, 0, 0, 0, 0, 0, 0, 0, 0, 0, 0, 0, 0], \"3\": [0, 0, 0, 0, 0, 0, 0, 0, 0, 0, 0, 0, 0, 0, 0, 0, 0, 0], \"4\": [0, 0, 0, 0, 0, 0, 0, 0, 0, 0, 0, 0, 0, 0, 0, 0, 0, 0], \"5\": [0, 0, 0, 0, 0, 0, 0, 0, 0, 0, 0, 0, 0, 0, 0, 0, 0, 0], \"6\": [0, 0, 0, 0, 0, 0, 0, 0, 0, 0, 0, 0, 0, 0, 0, 0, 0, 0], \"7\": [0, 0, 0, 0, 0, 0, 0, 0, 0, 0, 0, 0, 0, 0, 0, 0, 0, 0], \"8\": [0, 0, 0, 0, 0, 0, 0, 0, 0, 0, 0, 0, 0, 0, 0, 0, 0, 0], \"9\": [0, 0, 0, 0, 0, 0, 0, 0, 0, 0, 0, 0, 0, 0, 0, 0, 0, 0], \"10\": [0, 0, 0, 0, 0, 0, 0, 0, 0, 0, 0, 0, 0, 0, 0, 0, 0, 0], \"11\": [0, 0, 0, 0, 0, 0, 0, 0, 0, 0, 0, 0, 0, 0, 0, 0, 0, 0], \"12\": [0, 0, 0, 0, 0, 0, 0, 0, 0, 0, 0, 0, 0, 0, 0, 0, 0, 0], \"13\": [0, 0, 0, 0, 0, 0, 0, 0, 0, 0, 0, 0, 0, 0, 0, 0, 0, 0], \"14\": [0, 0, 0, 0, 0, 0, 0, 0, 0, 0, 0, 0, 0, 0, 0, 0, 0, 0], \"15\": [0, 0, 0, 0, 0, 0, 0, 0, 0, 0, 0, 0, 0, 0, 0, 0, 0, 0], \"16\": [0, 0, 0, 0, 0, 0, 0, 0, 0, 0, 0, 0, 0, 0, 0, 0, 0, 0], \"17\": [0, 0, 0, 0, 0, 0, 0, 0, 0, 0, 0, 0, 0, 0, 0, 0, 0, 0], \"18\": [0, 0, 0, 0, 0, 0, 0, 0, 0, 0, 0, 0, 0, 0, 0, 0, 0, 0], \"19\": [0, 0, 0, 0, 0, 0, 0, 0, 0, 0, 0, 0, 0, 0, 0, 0, 0, 0], \"20\": [0, 0, 0, 0, 0, 0, 0, 0, 0, 0, 0, 0, 0, 0, 0, 0, 0, 0]}', 1);
INSERT INTO `sys_hall` VALUES (1, 7, '7号IMAX4D厅', 15, '1', 15, 18, 246, '{\"1\": [1, 1, 1, 0, 0, 0, 0, 0, 0, 0, 0, 0, 0, 0, 0, 1, 1, 1], \"2\": [1, 1, 0, 0, 0, 0, 0, 0, 0, 0, 0, 0, 0, 0, 0, 0, 1, 1], \"3\": [1, 0, 0, 0, 0, 0, 0, 0, 0, 0, 0, 0, 0, 0, 0, 0, 0, 1], \"4\": [0, 0, 0, 0, 0, 0, 0, 0, 0, 0, 0, 0, 0, 0, 0, 0, 0, 0], \"5\": [0, 0, 0, 0, 0, 0, 0, 0, 0, 0, 0, 0, 0, 0, 0, 0, 0, 0], \"6\": [0, 0, 0, 0, 0, 0, 0, 0, 0, 0, 0, 0, 0, 0, 0, 0, 0, 0], \"7\": [0, 0, 0, 0, 0, 0, 0, 0, 0, 0, 0, 0, 0, 0, 0, 0, 0, 0], \"8\": [0, 0, 0, 0, 0, 0, 0, 0, 0, 0, 0, 0, 0, 0, 0, 0, 0, 0], \"9\": [0, 0, 0, 0, 0, 0, 0, 0, 0, 0, 0, 0, 0, 0, 0, 0, 0, 0], \"10\": [0, 0, 0, 0, 0, 0, 0, 0, 0, 0, 0, 0, 0, 0, 0, 0, 0, 0], \"11\": [0, 0, 0, 0, 0, 0, 0, 0, 0, 0, 0, 0, 0, 0, 0, 0, 0, 0], \"12\": [0, 0, 0, 0, 0, 0, 0, 0, 0, 0, 0, 0, 0, 0, 0, 0, 0, 0], \"13\": [1, 0, 0, 0, 0, 0, 0, 0, 0, 0, 0, 0, 0, 0, 0, 0, 0, 1], \"14\": [1, 1, 0, 0, 0, 0, 0, 0, 0, 0, 0, 0, 0, 0, 0, 0, 1, 1], \"15\": [1, 1, 1, 0, 0, 0, 0, 0, 0, 0, 0, 0, 0, 0, 0, 1, 1, 1]}', 1);
INSERT INTO `sys_hall` VALUES (2, 1, '1号厅', 1, '1', 10, 18, 170, '{\"1\": [0, 0, 0, 0, 0, 1, 0, 0, 0, 0, 0, 0, 0, 0, 0, 0, 0, 0], \"2\": [0, 0, 0, 0, 0, 1, 0, 0, 0, 0, 0, 0, 0, 0, 0, 0, 0, 0], \"3\": [0, 0, 0, 0, 0, 1, 0, 0, 0, 0, 0, 0, 0, 0, 0, 0, 0, 0], \"4\": [0, 0, 0, 0, 0, 1, 0, 0, 0, 0, 0, 0, 0, 0, 0, 0, 0, 0], \"5\": [0, 0, 0, 0, 0, 1, 0, 0, 0, 0, 0, 0, 0, 0, 0, 0, 0, 0], \"6\": [0, 0, 0, 0, 0, 1, 0, 0, 0, 0, 0, 0, 0, 0, 0, 0, 0, 0], \"7\": [0, 0, 0, 0, 0, 1, 0, 0, 0, 0, 0, 0, 0, 0, 0, 0, 0, 0], \"8\": [0, 0, 0, 0, 0, 1, 0, 0, 0, 0, 0, 0, 0, 0, 0, 0, 0, 0], \"9\": [0, 0, 0, 0, 0, 1, 0, 0, 0, 0, 0, 0, 0, 0, 0, 0, 0, 0], \"10\": [0, 0, 0, 0, 0, 1, 0, 0, 0, 0, 0, 0, 0, 0, 0, 0, 0, 0]}', 1);
INSERT INTO `sys_hall` VALUES (2, 2, '2号IMAX厅', 2, '1', 18, 18, 324, '{\"1\": [0, 0, 0, 0, 0, 0, 0, 0, 0, 0, 0, 0, 0, 0, 0, 0, 0, 0], \"2\": [0, 0, 0, 0, 0, 0, 0, 0, 0, 0, 0, 0, 0, 0, 0, 0, 0, 0], \"3\": [0, 0, 0, 0, 0, 0, 0, 0, 0, 0, 0, 0, 0, 0, 0, 0, 0, 0], \"4\": [0, 0, 0, 0, 0, 0, 0, 0, 0, 0, 0, 0, 0, 0, 0, 0, 0, 0], \"5\": [0, 0, 0, 0, 0, 0, 0, 0, 0, 0, 0, 0, 0, 0, 0, 0, 0, 0], \"6\": [0, 0, 0, 0, 0, 0, 0, 0, 0, 0, 0, 0, 0, 0, 0, 0, 0, 0], \"7\": [0, 0, 0, 0, 0, 0, 0, 0, 0, 0, 0, 0, 0, 0, 0, 0, 0, 0], \"8\": [0, 0, 0, 0, 0, 0, 0, 0, 0, 0, 0, 0, 0, 0, 0, 0, 0, 0], \"9\": [0, 0, 0, 0, 0, 0, 0, 0, 0, 0, 0, 0, 0, 0, 0, 0, 0, 0], \"10\": [0, 0, 0, 0, 0, 0, 0, 0, 0, 0, 0, 0, 0, 0, 0, 0, 0, 0], \"11\": [0, 0, 0, 0, 0, 0, 0, 0, 0, 0, 0, 0, 0, 0, 0, 0, 0, 0], \"12\": [0, 0, 0, 0, 0, 0, 0, 0, 0, 0, 0, 0, 0, 0, 0, 0, 0, 0], \"13\": [0, 0, 0, 0, 0, 0, 0, 0, 0, 0, 0, 0, 0, 0, 0, 0, 0, 0], \"14\": [0, 0, 0, 0, 0, 0, 0, 0, 0, 0, 0, 0, 0, 0, 0, 0, 0, 0], \"15\": [0, 0, 0, 0, 0, 0, 0, 0, 0, 0, 0, 0, 0, 0, 0, 0, 0, 0], \"16\": [0, 0, 0, 0, 0, 0, 0, 0, 0, 0, 0, 0, 0, 0, 0, 0, 0, 0], \"17\": [0, 0, 0, 0, 0, 0, 0, 0, 0, 0, 0, 0, 0, 0, 0, 0, 0, 0], \"18\": [0, 0, 0, 0, 0, 0, 0, 0, 0, 0, 0, 0, 0, 0, 0, 0, 0, 0]}', 1);
INSERT INTO `sys_hall` VALUES (2, 3, '3号厅', 1, '1', 10, 10, 100, '{\"1\": [0, 0, 0, 0, 0, 0, 0, 0, 0, 0], \"2\": [0, 0, 0, 0, 0, 0, 0, 0, 0, 0], \"3\": [0, 0, 0, 0, 0, 0, 0, 0, 0, 0], \"4\": [0, 0, 0, 0, 0, 0, 0, 0, 0, 0], \"5\": [0, 0, 0, 0, 0, 0, 0, 0, 0, 0], \"6\": [0, 0, 0, 0, 0, 0, 0, 0, 0, 0], \"7\": [0, 0, 0, 0, 0, 0, 0, 0, 0, 0], \"8\": [0, 0, 0, 0, 0, 0, 0, 0, 0, 0], \"9\": [0, 0, 0, 0, 0, 0, 0, 0, 0, 0], \"10\": [0, 0, 0, 0, 0, 0, 0, 0, 0, 0]}', 0);
INSERT INTO `sys_hall` VALUES (3, 1, '1号激光厅', 1, '1', 15, 16, 210, '{\"1\": [0, 0, 0, 0, 0, 0, 0, 0, 0, 0, 0, 0, 0, 0, 0, 0], \"2\": [0, 0, 0, 0, 0, 0, 0, 0, 0, 0, 0, 0, 0, 0, 0, 0], \"3\": [0, 0, 0, 0, 0, 0, 0, 0, 0, 0, 0, 0, 0, 0, 0, 0], \"4\": [0, 0, 0, 0, 0, 0, 0, 0, 0, 0, 0, 0, 0, 0, 0, 0], \"5\": [0, 0, 0, 0, 0, 0, 0, 0, 0, 0, 0, 0, 0, 0, 0, 0], \"6\": [0, 0, 0, 0, 0, 0, 0, 0, 0, 0, 0, 0, 0, 0, 0, 0], \"7\": [0, 0, 0, 0, 0, 0, 0, 0, 0, 0, 0, 0, 0, 0, 0, 0], \"8\": [0, 0, 0, 0, 0, 0, 0, 0, 0, 0, 0, 0, 0, 0, 0, 0], \"9\": [0, 0, 0, 0, 0, 0, 0, 0, 0, 0, 0, 0, 0, 0, 0, 0], \"10\": [0, 0, 0, 0, 0, 0, 0, 0, 0, 0, 0, 0, 0, 0, 0, 0], \"11\": [0, 0, 0, 0, 0, 1, 1, 1, 1, 1, 1, 0, 0, 0, 0, 0], \"12\": [0, 0, 0, 0, 0, 1, 1, 1, 1, 1, 1, 0, 0, 0, 0, 0], \"13\": [0, 0, 0, 0, 0, 1, 1, 1, 1, 1, 1, 0, 0, 0, 0, 0], \"14\": [0, 0, 0, 0, 0, 1, 1, 1, 1, 1, 1, 0, 0, 0, 0, 0], \"15\": [0, 0, 0, 0, 0, 1, 1, 1, 1, 1, 1, 0, 0, 0, 0, 0]}', 1);
INSERT INTO `sys_hall` VALUES (3, 2, '2号厅', 14, '1', 15, 25, 346, '{\"1\": [0, 0, 0, 0, 0, 0, 0, 0, 0, 0, 0, 0, 0, 0, 0, 0, 0, 0, 0, 0, 1, 0, 0, 0, 0], \"2\": [0, 0, 0, 0, 0, 0, 0, 0, 0, 0, 0, 0, 0, 0, 0, 0, 0, 0, 0, 0, 1, 0, 0, 0, 0], \"3\": [0, 0, 0, 0, 0, 0, 0, 0, 0, 0, 0, 0, 0, 0, 0, 0, 0, 0, 0, 0, 1, 0, 0, 0, 0], \"4\": [0, 0, 0, 0, 0, 0, 0, 0, 0, 0, 0, 0, 0, 0, 0, 0, 0, 0, 0, 0, 1, 0, 0, 0, 0], \"5\": [0, 0, 0, 0, 0, 0, 0, 0, 0, 0, 0, 0, 0, 0, 0, 0, 0, 0, 0, 0, 1, 0, 0, 0, 0], \"6\": [0, 0, 0, 0, 0, 0, 0, 0, 0, 0, 0, 0, 0, 0, 0, 0, 0, 0, 0, 0, 1, 0, 0, 0, 0], \"7\": [0, 0, 0, 0, 0, 0, 0, 0, 0, 0, 0, 0, 0, 0, 0, 0, 0, 0, 0, 0, 1, 0, 0, 0, 0], \"8\": [0, 0, 0, 0, 0, 0, 0, 0, 0, 0, 0, 0, 0, 0, 0, 0, 0, 0, 0, 0, 1, 0, 0, 0, 0], \"9\": [0, 0, 0, 1, 1, 0, 0, 0, 0, 0, 0, 0, 0, 0, 0, 0, 0, 0, 0, 0, 1, 0, 0, 0, 0], \"10\": [0, 0, 0, 1, 1, 0, 0, 0, 0, 0, 0, 0, 0, 0, 0, 0, 0, 0, 0, 0, 1, 0, 0, 0, 0], \"11\": [0, 0, 0, 1, 1, 0, 0, 0, 0, 0, 0, 0, 0, 0, 0, 0, 0, 0, 0, 0, 1, 0, 0, 0, 0], \"12\": [0, 0, 0, 1, 1, 0, 0, 0, 0, 0, 0, 0, 0, 0, 0, 0, 0, 0, 0, 0, 1, 0, 0, 0, 0], \"13\": [0, 0, 0, 1, 1, 0, 0, 0, 0, 0, 0, 0, 0, 0, 0, 0, 0, 0, 0, 0, 1, 0, 0, 0, 0], \"14\": [0, 0, 0, 1, 1, 0, 0, 0, 0, 0, 0, 0, 0, 0, 0, 0, 0, 0, 0, 0, 1, 0, 0, 0, 0], \"15\": [0, 0, 0, 1, 1, 0, 0, 0, 0, 0, 0, 0, 0, 0, 0, 0, 0, 0, 0, 0, 1, 0, 0, 0, 0]}', 1);
INSERT INTO `sys_hall` VALUES (4, 1, '1号厅', 3, '1', 15, 20, 300, '{\"1\": [0, 0, 0, 0, 0, 0, 0, 0, 0, 0, 0, 0, 0, 0, 0, 0, 0, 0, 0, 0], \"2\": [0, 0, 0, 0, 0, 0, 0, 0, 0, 0, 0, 0, 0, 0, 0, 0, 0, 0, 0, 0], \"3\": [0, 0, 0, 0, 0, 0, 0, 0, 0, 0, 0, 0, 0, 0, 0, 0, 0, 0, 0, 0], \"4\": [0, 0, 0, 0, 0, 0, 0, 0, 0, 0, 0, 0, 0, 0, 0, 0, 0, 0, 0, 0], \"5\": [0, 0, 0, 0, 0, 0, 0, 0, 0, 0, 0, 0, 0, 0, 0, 0, 0, 0, 0, 0], \"6\": [0, 0, 0, 0, 0, 0, 0, 0, 0, 0, 0, 0, 0, 0, 0, 0, 0, 0, 0, 0], \"7\": [0, 0, 0, 0, 0, 0, 0, 0, 0, 0, 0, 0, 0, 0, 0, 0, 0, 0, 0, 0], \"8\": [0, 0, 0, 0, 0, 0, 0, 0, 0, 0, 0, 0, 0, 0, 0, 0, 0, 0, 0, 0], \"9\": [0, 0, 0, 0, 0, 0, 0, 0, 0, 0, 0, 0, 0, 0, 0, 0, 0, 0, 0, 0], \"10\": [0, 0, 0, 0, 0, 0, 0, 0, 0, 0, 0, 0, 0, 0, 0, 0, 0, 0, 0, 0], \"11\": [0, 0, 0, 0, 0, 0, 0, 0, 0, 0, 0, 0, 0, 0, 0, 0, 0, 0, 0, 0], \"12\": [0, 0, 0, 0, 0, 0, 0, 0, 0, 0, 0, 0, 0, 0, 0, 0, 0, 0, 0, 0], \"13\": [0, 0, 0, 0, 0, 0, 0, 0, 0, 0, 0, 0, 0, 0, 0, 0, 0, 0, 0, 0], \"14\": [0, 0, 0, 0, 0, 0, 0, 0, 0, 0, 0, 0, 0, 0, 0, 0, 0, 0, 0, 0], \"15\": [0, 0, 0, 0, 0, 0, 0, 0, 0, 0, 0, 0, 0, 0, 0, 0, 0, 0, 0, 0]}', 1);
INSERT INTO `sys_hall` VALUES (4, 2, '2号激光厅', 1, '1', 15, 10, 150, '{\"1\": [0, 0, 0, 0, 0, 0, 0, 0, 0, 0], \"2\": [0, 0, 0, 0, 0, 0, 0, 0, 0, 0], \"3\": [0, 0, 0, 0, 0, 0, 0, 0, 0, 0], \"4\": [0, 0, 0, 0, 0, 0, 0, 0, 0, 0], \"5\": [0, 0, 0, 0, 0, 0, 0, 0, 0, 0], \"6\": [0, 0, 0, 0, 0, 0, 0, 0, 0, 0], \"7\": [0, 0, 0, 0, 0, 0, 0, 0, 0, 0], \"8\": [0, 0, 0, 0, 0, 0, 0, 0, 0, 0], \"9\": [0, 0, 0, 0, 0, 0, 0, 0, 0, 0], \"10\": [0, 0, 0, 0, 0, 0, 0, 0, 0, 0], \"11\": [0, 0, 0, 0, 0, 0, 0, 0, 0, 0], \"12\": [0, 0, 0, 0, 0, 0, 0, 0, 0, 0], \"13\": [0, 0, 0, 0, 0, 0, 0, 0, 0, 0], \"14\": [0, 0, 0, 0, 0, 0, 0, 0, 0, 0], \"15\": [0, 0, 0, 0, 0, 0, 0, 0, 0, 0]}', 1);
INSERT INTO `sys_hall` VALUES (5, 1, '1号儿童厅', 11, '1', 10, 10, 100, '{\"1\": [0, 0, 0, 0, 0, 0, 0, 0, 0, 0], \"2\": [0, 0, 0, 0, 0, 0, 0, 0, 0, 0], \"3\": [0, 0, 0, 0, 0, 0, 0, 0, 0, 0], \"4\": [0, 0, 0, 0, 0, 0, 0, 0, 0, 0], \"5\": [0, 0, 0, 0, 0, 0, 0, 0, 0, 0], \"6\": [0, 0, 0, 0, 0, 0, 0, 0, 0, 0], \"7\": [0, 0, 0, 0, 0, 0, 0, 0, 0, 0], \"8\": [0, 0, 0, 0, 0, 0, 0, 0, 0, 0], \"9\": [0, 0, 0, 0, 0, 0, 0, 0, 0, 0], \"10\": [0, 0, 0, 0, 0, 0, 0, 0, 0, 0]}', 1);
INSERT INTO `sys_hall` VALUES (5, 2, '2号60帧厅', 13, '1', 10, 10, 100, '{\"1\": [0, 0, 0, 0, 0, 0, 0, 0, 0, 0], \"2\": [0, 0, 0, 0, 0, 0, 0, 0, 0, 0], \"3\": [0, 0, 0, 0, 0, 0, 0, 0, 0, 0], \"4\": [0, 0, 0, 0, 0, 0, 0, 0, 0, 0], \"5\": [0, 0, 0, 0, 0, 0, 0, 0, 0, 0], \"6\": [0, 0, 0, 0, 0, 0, 0, 0, 0, 0], \"7\": [0, 0, 0, 0, 0, 0, 0, 0, 0, 0], \"8\": [0, 0, 0, 0, 0, 0, 0, 0, 0, 0], \"9\": [0, 0, 0, 0, 0, 0, 0, 0, 0, 0], \"10\": [0, 0, 0, 0, 0, 0, 0, 0, 0, 0]}', 1);

-- ----------------------------
-- Table structure for sys_hall_category
-- ----------------------------
DROP TABLE IF EXISTS `sys_hall_category`;
CREATE TABLE `sys_hall_category`  (
  `hall_category_id` bigint(20) UNSIGNED NOT NULL AUTO_INCREMENT COMMENT '影厅类别ID',
  `hall_category_name` varchar(32) CHARACTER SET utf8 COLLATE utf8_general_ci NOT NULL COMMENT '影厅类别名称',
  PRIMARY KEY (`hall_category_id`) USING BTREE
) ENGINE = InnoDB AUTO_INCREMENT = 37 CHARACTER SET = utf8 COLLATE = utf8_general_ci ROW_FORMAT = Dynamic;

-- ----------------------------
-- Records of sys_hall_category
-- ----------------------------
INSERT INTO `sys_hall_category` VALUES (1, '激光厅');
INSERT INTO `sys_hall_category` VALUES (2, 'IMAX厅');
INSERT INTO `sys_hall_category` VALUES (3, 'CGS中国巨幕厅');
INSERT INTO `sys_hall_category` VALUES (4, '杜比全景声厅');
INSERT INTO `sys_hall_category` VALUES (5, 'Dolby Cinema厅');
INSERT INTO `sys_hall_category` VALUES (6, 'RealD厅');
INSERT INTO `sys_hall_category` VALUES (7, 'RealD 6FLag厅');
INSERT INTO `sys_hall_category` VALUES (8, 'LUXE巨幕厅');
INSERT INTO `sys_hall_category` VALUES (9, '4DX厅');
INSERT INTO `sys_hall_category` VALUES (10, 'DTS:X 临镜音厅');
INSERT INTO `sys_hall_category` VALUES (11, '儿童厅');
INSERT INTO `sys_hall_category` VALUES (12, '4K厅');
INSERT INTO `sys_hall_category` VALUES (13, '60帧厅');
INSERT INTO `sys_hall_category` VALUES (14, '巨幕厅');
INSERT INTO `sys_hall_category` VALUES (15, 'MX4D厅');

-- ----------------------------
-- Table structure for sys_movie
-- ----------------------------
DROP TABLE IF EXISTS `sys_movie`;
CREATE TABLE `sys_movie`  (
  `movie_id` bigint(20) UNSIGNED NOT NULL AUTO_INCREMENT COMMENT '主键电影id',
  `movie_name_cn` varchar(255) CHARACTER SET utf8 COLLATE utf8_general_ci NOT NULL COMMENT '电影中文名',
  `movie_name_en` varchar(255) CHARACTER SET utf8 COLLATE utf8_general_ci NOT NULL COMMENT '电影英文名',
  `movie_length` int(11) NULL DEFAULT NULL COMMENT '电影时长(单位: 分钟)',
  `movie_poster` varchar(10000) CHARACTER SET utf8 COLLATE utf8_general_ci NULL DEFAULT NULL COMMENT '电影海报',
  `movie_area_id` bigint(20) UNSIGNED NOT NULL COMMENT '电影区域id',
  `movie_age_id` bigint(20) UNSIGNED NOT NULL COMMENT '影片年代id',
  `release_date` datetime(0) NULL DEFAULT NULL COMMENT '上映时间',
  `movie_score` decimal(3, 1) UNSIGNED NOT NULL COMMENT '电影评分',
  `movie_box_office` decimal(20, 2) UNSIGNED NOT NULL COMMENT '电影总票房',
  `movie_rate_num` int(10) UNSIGNED NULL DEFAULT 0 COMMENT '评分人数',
  `movie_introduction` varchar(10000) CHARACTER SET utf8 COLLATE utf8_general_ci NULL DEFAULT NULL COMMENT '电影简介',
  `movie_pictures` json NULL COMMENT '电影图集',
  PRIMARY KEY (`movie_id`) USING BTREE
) ENGINE = InnoDB AUTO_INCREMENT = 58 CHARACTER SET = utf8 COLLATE = utf8_general_ci ROW_FORMAT = Dynamic;

-- ----------------------------
-- Records of sys_movie
-- ----------------------------
INSERT INTO `sys_movie` VALUES (43, '人生大事', 'Lighting Up The Stars', 112, '[\"2022/06/29/f10562b8ece942019c4ccdef1aee1c49.jpg\"]', 1, 1, '2022-06-24 00:00:00', 7.9, 55.00, 3, '殡葬师莫三妹（朱一龙 饰）在刑满释放不久后的一次出殡中，遇到了孤儿武小文（杨恩又 饰），小文的出现，意外地改变了莫三妹对职业和生活的态度。', '[\"2022/06/29/7b9953160cbe4b95a497a3b932a2af36.jpg\", \"2022/06/29/89ed3311a4df4ad89f4c8a6c39c49fe1.jpg\"]');
INSERT INTO `sys_movie` VALUES (44, '侏罗纪世界3', 'Jurassic World: Dominion', 146, '[\"2022/06/28/904bf785970847e8b8e9b864a18bdd85.jpg\"]', 2, 1, '2022-06-10 00:00:00', 8.3, 0.00, 3, '影片为《侏罗纪世界》系列的完结篇，故事的开篇设定在纳布拉尔岛被摧毁的四年后。如今，恐龙在世界各地与人类共同生活、共同捕猎。这一脆弱的平衡将重塑未来，并最终决定人类能否与史上最可怕生物共享这颗星球，并继续站在食物链的顶端。', '[\"2022/06/28/1160c52ad7e34477b0f4235021038de6.jpg\", \"2022/06/28/41270780f89e485197e9065c35aad753.jpg\"]');
INSERT INTO `sys_movie` VALUES (45, '一周的朋友', 'One Week Friends', 106, '[\"2022/06/28/a782c29a433b4f17b7b6687280df661d.jpg\"]', 1, 1, '2022-06-18 00:00:00', 8.2, 0.00, 1, '胜华高中的复读班上，新来了一个转学生林湘之（赵今麦 饰），她文静聪明却总是孤独一人，不跟其他的同学做朋友。但这样的她却吸引了班上的学渣徐又树（林一 饰）的注意。在徐又树不断想跟林湘之做朋友的过程中，他和古灵精怪的宋晓楠（沈月 饰）、高冷学霸蒋吾（汪佳辉 饰）发现了林湘之的秘密，原来她患了一种特殊的疾病，她对朋友的记忆只有七天。为了帮助这个孤独的女孩，他们四个人组成了“末日生存”小队不断为她创造惊喜和属于他们的记忆。殊不知，林湘之的疾病背后却有个更悲伤的秘密...... 　　影片根据叶月抹茶同名漫画改编。', '[\"2022/06/28/16c66ac7e5054537b81f5c28e5b6a1f7.jpg\", \"2022/06/28/dacb8d92c7a44556bb1de88c63d5662c.jpg\", \"2022/06/28/3b745a7463c94811a7e429009b924a2a.jpg\"]');
INSERT INTO `sys_movie` VALUES (49, '你是我的春天', 'You are my spring', 122, '[\"2022/06/29/dadbda2d9fa742a29fa3e9d215040138.jpg\"]', 1, 1, '2022-07-01 00:00:00', 10.0, 0.00, 3, '双影帝影后集结，献给每一个努力生活的“你”和“我”。影片由中国电影家协会指导拍摄，陈道明任总监制，黄渤任监制，实力派演员强力加盟演绎人间温情故事。倔强的人为了爱人奔走在空城，讨血汗钱的农民工巧合下驰援武汉，抗疫前线的人们除了顶着高压还要学会告别，后方阵地的社区工作者照顾居民却把风险留给了自己，平时疏于交流的父子也被迫日夜相处。总有一些措手不及的事情发生，但也总有一颗治愈的种子在人们心中生根发芽，这是一部关于春天和希望的电影。', '[\"2022/06/29/d0cb9cc730b644dab352170d1b357d48.jpg\"]');
INSERT INTO `sys_movie` VALUES (50, '奇迹笨小孩', '奇迹笨小孩', 106, '[\"2022/06/29/cf9fc17f8e6c4443995a9b8705f055f3.jpg\"]', 1, 1, '2022-07-01 00:00:00', 9.3, 0.00, 3, '二十岁的景浩（易烊千玺 饰）独自带着年幼的妹妹来到深圳生活，兄妹俩生活温馨却拮据。机缘巧合之下，景浩得到一个机会，本以为美好生活即将来临，却不料遭遇重创。在时间和金钱的双重压力下，毫无退路的景浩决定孤注一掷，而他陷入困境的平凡人生，又能否燃起希望的火花？电影《奇迹·笨小孩》是中宣部国家电影局 2021 年重点电影项目，也是 2021 年重点建党百年献礼片，描述十八大以后新时代年轻人在深圳创业的影片。', '[\"2022/06/29/90249d8c88dd483e9344f09bad882039.jpg\"]');
INSERT INTO `sys_movie` VALUES (51, '我和我的祖国', '我和我的祖国', 155, '[\"2022/06/29/86a5d5b174564f2da79f6ae297a0ff78.jpg\"]', 1, 1, '2022-07-01 00:00:00', 9.0, 0.00, 3, '七位导演分别取材新中国成立70周年以来，祖国经历的无数个历史性经典瞬间。讲述普通人与国家之间息息相关密不可分的动人故事。聚焦大时代大事件下，小人物和国家之间，看似遥远实则密切的关联，唤醒全球华人共同回忆。', '[\"2022/06/29/8994dcc38343433ca81b0a149dd75670.jpg\"]');
INSERT INTO `sys_movie` VALUES (52, ' 夺冠', ' 夺冠', 135, '[\"2022/06/29/6190fb6f8081446797d95a8bd9adeb30.jpg\"]', 1, 1, '2022-07-01 00:00:00', 9.3, 0.00, 3, '2008年8月15日，北京奥运会女排比赛，中国VS美国。戴着金丝框眼镜的郎平（巩俐 饰）坐在美国队教练席上，大气沉稳，目光如电；中国队教练陈忠和（黄渤 饰）站在场边，全神贯注，面带笑容。陈忠和望向郎平，目光充满深意，不断经过的人影遮蔽了他的视线，中国女排三十余年的沉浮图景被缓缓打开……', '[\"2022/06/29/0d2a6ead21674fc1a3613ce724d2ae6f.jpg\", \"2022/06/29/3a6077dd50c34c43bf3baddcb8fe07d6.jpg\"]');
INSERT INTO `sys_movie` VALUES (53, '外太空的莫扎特', '外太空的莫扎特', 135, '[\"2022/06/29/52eb14d9177542e1925fe1ff60866578.jpg\"]', 1, 1, '2022-07-15 00:00:00', 9.3, 0.00, 3, '任大望（黄渤 饰）一心想把喜好天文的儿子任小天（荣梓杉 饰）培养成钢琴演奏家，为此父子争吵不断。一天，神秘外星人莫扎特意外出现，从此，莫扎特帮助任小天开启了和爸爸“斗智斗勇”的生活。令任小天没有想到的是，莫扎特来到地球竟另有任务……', '[\"2022/06/29/8f68abc1e51146ae8bfa326bddb12cd1.jpg\", \"2022/06/29/ef4a224f095146e88666c8bae7e6162e.jpg\"]');
INSERT INTO `sys_movie` VALUES (54, ' 哥，你好', ' 哥，你好', 122, '[\"2022/06/29/27639508e01f44e7ad3a0166c186b053.jpg\"]', 1, 1, '2022-08-11 10:09:56', 9.0, 0.00, 3, '2022年金牌阵容喜剧，欢乐预定！与父亲老伍（魏翔 饰）终年不合的小伍（常远 饰）阴差阳错回到80年代，意外搅黄了父亲与母亲大陆（马丽 饰）的初次相遇。为了纠正这个错误，他想尽办法一次次重返过去，鼓励老妈追老爸，让人啼笑皆非的闹剧不断上演。父母相遇相恋的命运，是否会因为小伍的干预而转变？尘封在父亲心里的秘密，又将如何慢慢揭开……', '[\"2022/06/29/2a41d5b5d00c4768bc1dc44c52b3e92f.jpg\", \"2022/06/29/baab5c118dcd429597e56c36a4e7a242.jpg\"]');
INSERT INTO `sys_movie` VALUES (55, '断·桥', '断·桥', 135, '[\"2022/06/29/0aea71a15de044688958685be456bff9.jpg\"]', 1, 1, '2022-08-18 00:00:00', 9.3, 0.00, 3, '黄雀市大桥突然垮塌，桥墩中一副被活埋多年的人骨赫然惊现。死者女儿闻晓雨（马思纯 饰）为追查父亲死因，得到一个自称孟超（王俊凯 饰）的男孩协助，并携手走上探寻真相与复仇之路。渐渐地，他们发现，闻晓雨的养父朱方正（范伟 饰）很可能就是杀人凶手，而他背后似乎隐藏着惊天的秘密…', '[\"2022/06/29/3ad6b4e72b7743b3925a40281d9c12cb.jpg\", \"2022/06/29/a4b29061429b45d3a78642246bbb45d1.jpg\"]');
INSERT INTO `sys_movie` VALUES (56, ' 我们的样子像极了爱情', ' 我们的样子像极了爱情', 135, '[\"2022/06/29/290a50021feb4a8391d8e4c33b0fe5e4.jpg\"]', 1, 1, '2022-08-12 00:00:00', 9.0, 0.00, 3, '遗憾的是，我爱你，只敢以朋友之名——你曾有过差一点就在一起的爱情吗？来自小城的许一（李孝谦饰）和高晓楠（漆昱辰饰）童年由于误会而留下遗憾, 后来两人在大学重逢. 就此产生了跨越多年的羁绊。许一、高晓楠在相处中解开当年的心结，从冤家到挚交，从青涩学生到职场新人，相互陪伴,一起成长，不是情侣却胜似情侣。然而, 彼此间不敢触碰的感情界线因为一次意外终于彻底爆发...这一次, 许一和高晓楠的关系能否发生转变? 他们之间会是错过还是圆满', '[\"2022/06/29/06420b89014745a581ddb34c3a577772.jpeg\", \"2022/06/29/c5241201296a4848a932531d2a332c42.jpg\"]');
INSERT INTO `sys_movie` VALUES (57, '精灵旅社4：变身大冒险', '精灵旅社4：变身大冒险', 88, '[\"2022/06/29/6dc9c495153d4fddab6655c0d311c415.jpg\"]', 1, 1, '2022-04-03 00:00:00', 9.3, 0.00, 3, '在精灵旅社125周年庆典派对上，一场意外使德古拉带领的精灵家族首次变身成人，而约翰尼则成了怪兽。为了寻找治疗方法，这对冤家翁婿前往危机重重的南美雨林开启了一场欢乐又刺激的冒险之旅，遭遇了种种令人捧腹的窘况。得知消息的梅菲斯带领精灵家族前去营救爱人和老爸，他们最终能否将一切恢复正常？', '[\"2022/06/29/51235804d76740eda535719b92bac372.jpg\", \"2022/06/29/4307ad64f57d45f1b6531a2243a42e95.jpg\"]');

-- ----------------------------
-- Table structure for sys_movie_age
-- ----------------------------
DROP TABLE IF EXISTS `sys_movie_age`;
CREATE TABLE `sys_movie_age`  (
  `movie_age_id` bigint(20) UNSIGNED NOT NULL AUTO_INCREMENT COMMENT '主键id',
  `movie_age_name` varchar(32) CHARACTER SET utf8 COLLATE utf8_general_ci NULL DEFAULT NULL COMMENT '年代名称',
  PRIMARY KEY (`movie_age_id`) USING BTREE
) ENGINE = InnoDB AUTO_INCREMENT = 37 CHARACTER SET = utf8 COLLATE = utf8_general_ci ROW_FORMAT = Dynamic;

-- ----------------------------
-- Records of sys_movie_age
-- ----------------------------
INSERT INTO `sys_movie_age` VALUES (1, '2022');
INSERT INTO `sys_movie_age` VALUES (2, '2021');
INSERT INTO `sys_movie_age` VALUES (3, '2020');
INSERT INTO `sys_movie_age` VALUES (4, '2019');
INSERT INTO `sys_movie_age` VALUES (5, '2018');
INSERT INTO `sys_movie_age` VALUES (6, '2017');
INSERT INTO `sys_movie_age` VALUES (7, '2016');
INSERT INTO `sys_movie_age` VALUES (8, '2013');
INSERT INTO `sys_movie_age` VALUES (9, '2012');
INSERT INTO `sys_movie_age` VALUES (10, '2011');
INSERT INTO `sys_movie_age` VALUES (11, '2000-2010');
INSERT INTO `sys_movie_age` VALUES (12, '90年代');
INSERT INTO `sys_movie_age` VALUES (13, '80年代');
INSERT INTO `sys_movie_age` VALUES (14, '70年代');
INSERT INTO `sys_movie_age` VALUES (15, '更早');

-- ----------------------------
-- Table structure for sys_movie_area
-- ----------------------------
DROP TABLE IF EXISTS `sys_movie_area`;
CREATE TABLE `sys_movie_area`  (
  `movie_area_id` bigint(20) UNSIGNED NOT NULL AUTO_INCREMENT COMMENT '电影区域id',
  `movie_area_name` varchar(20) CHARACTER SET utf8 COLLATE utf8_general_ci NOT NULL COMMENT '电影区域名称',
  PRIMARY KEY (`movie_area_id`) USING BTREE
) ENGINE = InnoDB AUTO_INCREMENT = 20 CHARACTER SET = utf8 COLLATE = utf8_general_ci ROW_FORMAT = Dynamic;

-- ----------------------------
-- Records of sys_movie_area
-- ----------------------------
INSERT INTO `sys_movie_area` VALUES (1, '大陆');
INSERT INTO `sys_movie_area` VALUES (2, '美国');
INSERT INTO `sys_movie_area` VALUES (3, '韩国');
INSERT INTO `sys_movie_area` VALUES (4, '日本');
INSERT INTO `sys_movie_area` VALUES (5, '中国香港');
INSERT INTO `sys_movie_area` VALUES (6, '中国台湾');
INSERT INTO `sys_movie_area` VALUES (7, '泰国');
INSERT INTO `sys_movie_area` VALUES (8, '印度');
INSERT INTO `sys_movie_area` VALUES (9, '法国');
INSERT INTO `sys_movie_area` VALUES (10, '英国');
INSERT INTO `sys_movie_area` VALUES (11, '俄罗斯');
INSERT INTO `sys_movie_area` VALUES (12, '意大利');
INSERT INTO `sys_movie_area` VALUES (13, '西班牙');
INSERT INTO `sys_movie_area` VALUES (14, '德国');
INSERT INTO `sys_movie_area` VALUES (15, '波兰');
INSERT INTO `sys_movie_area` VALUES (16, '澳大利亚');
INSERT INTO `sys_movie_area` VALUES (17, '伊朗');
INSERT INTO `sys_movie_area` VALUES (18, '其他');

-- ----------------------------
-- Table structure for sys_movie_category
-- ----------------------------
DROP TABLE IF EXISTS `sys_movie_category`;
CREATE TABLE `sys_movie_category`  (
  `movie_category_id` bigint(20) UNSIGNED NOT NULL AUTO_INCREMENT COMMENT '主键电影类别id',
  `movie_category_name` varchar(255) CHARACTER SET utf8 COLLATE utf8_general_ci NULL DEFAULT NULL COMMENT '电影类别名称',
  PRIMARY KEY (`movie_category_id`) USING BTREE
) ENGINE = InnoDB AUTO_INCREMENT = 29 CHARACTER SET = utf8 COLLATE = utf8_general_ci ROW_FORMAT = Dynamic;

-- ----------------------------
-- Records of sys_movie_category
-- ----------------------------
INSERT INTO `sys_movie_category` VALUES (1, '爱情');
INSERT INTO `sys_movie_category` VALUES (2, '喜剧');
INSERT INTO `sys_movie_category` VALUES (3, '动画');
INSERT INTO `sys_movie_category` VALUES (4, '剧情');
INSERT INTO `sys_movie_category` VALUES (5, '恐怖');
INSERT INTO `sys_movie_category` VALUES (6, '动作');
INSERT INTO `sys_movie_category` VALUES (7, '科幻');
INSERT INTO `sys_movie_category` VALUES (8, '悬疑');
INSERT INTO `sys_movie_category` VALUES (9, '惊悚');
INSERT INTO `sys_movie_category` VALUES (10, '犯罪');
INSERT INTO `sys_movie_category` VALUES (11, '冒险');
INSERT INTO `sys_movie_category` VALUES (12, '战争');
INSERT INTO `sys_movie_category` VALUES (13, '奇幻');
INSERT INTO `sys_movie_category` VALUES (14, '运动');
INSERT INTO `sys_movie_category` VALUES (15, '家庭');
INSERT INTO `sys_movie_category` VALUES (16, '古装');
INSERT INTO `sys_movie_category` VALUES (17, '武侠');
INSERT INTO `sys_movie_category` VALUES (18, '西部');
INSERT INTO `sys_movie_category` VALUES (19, '历史');
INSERT INTO `sys_movie_category` VALUES (20, '传记');
INSERT INTO `sys_movie_category` VALUES (21, '歌舞');
INSERT INTO `sys_movie_category` VALUES (22, '黑色电影');
INSERT INTO `sys_movie_category` VALUES (23, '短片');
INSERT INTO `sys_movie_category` VALUES (24, '纪录片');
INSERT INTO `sys_movie_category` VALUES (25, '其他');

-- ----------------------------
-- Table structure for sys_movie_comment
-- ----------------------------
DROP TABLE IF EXISTS `sys_movie_comment`;
CREATE TABLE `sys_movie_comment`  (
  `movie_id` bigint(20) UNSIGNED NOT NULL COMMENT '电影id',
  `user_id` bigint(20) UNSIGNED NOT NULL COMMENT '用户id',
  `comment_time` datetime(0) NOT NULL COMMENT '评论时间',
  `content` varchar(10000) CHARACTER SET utf8 COLLATE utf8_general_ci NOT NULL COMMENT '评论内容',
  `score` decimal(10, 0) NOT NULL COMMENT '评分',
  PRIMARY KEY (`movie_id`, `user_id`, `comment_time`) USING BTREE
) ENGINE = InnoDB CHARACTER SET = utf8 COLLATE = utf8_general_ci ROW_FORMAT = Dynamic;

-- ----------------------------
-- Records of sys_movie_comment
-- ----------------------------
INSERT INTO `sys_movie_comment` VALUES (43, 1, '2022-06-29 08:06:10', '这部电影我觉得非常好看，演员们的演技也很好，支持！', 9);
INSERT INTO `sys_movie_comment` VALUES (43, 1, '2022-06-29 08:06:26', '看的点映，还不错，惊讶到我了，本来以为是狗血励志剧，没想到挺接地气的。题材比较小众，几处比较煽情。', 8);
INSERT INTO `sys_movie_comment` VALUES (43, 1, '2022-06-29 08:06:49', '看到了一个又帅也有演技的好演员！朱一龙真的不错，还有小哪吒好灵气的，故事也很好，节奏掌控都还不错，笑点不尴尬泪点不煽情。', 7);
INSERT INTO `sys_movie_comment` VALUES (44, 1, '2022-06-29 08:07:35', '侏罗纪公园就是那种看的时候觉得特别惊险刺激，看完想起立鼓掌，但回家睡一觉就开始遗忘剧情的电影。但是看的时候，那种心潮澎湃，对恐龙的恐惧，对大自然的敬畏，对造梦者的感激，都是真的，一瞬间都回来了。这次新旧两条线交汇在一起，完成度很不错，值得看！', 9);
INSERT INTO `sys_movie_comment` VALUES (44, 1, '2022-06-29 08:07:37', '史诗完结最终章。为你儿时的恐龙记忆画上句号，新老系列卡司强强联合燃爆你的肾上腺。', 8);
INSERT INTO `sys_movie_comment` VALUES (44, 1, '2022-06-29 08:07:39', '虽然叫侏罗纪世界，但仍然离不开美国中心，外景只去了马耳他，估计也是疫情原因。虽然格局小，文戏各种尬聊，动作戏都是套路，但是主题公园就是要惊险刺激，肾上腺素飙升，比漫威看的兴奋！缺点是恐龙的音效太刺耳了。P.S. 胖胖的Owen和Claire好可爱！', 8);
INSERT INTO `sys_movie_comment` VALUES (45, 1, '2022-06-29 08:06:01', '非常不错的一部电影！', 8);
INSERT INTO `sys_movie_comment` VALUES (49, 1, '2022-06-29 08:06:07', '看了这部电影，我又想起她了，莫名的失落，希望你能过得更好', 10);
INSERT INTO `sys_movie_comment` VALUES (49, 1, '2022-06-29 08:06:25', '看了还想看。', 10);
INSERT INTO `sys_movie_comment` VALUES (49, 1, '2022-06-29 08:06:45', '你在我的生命里永远像春天一样充满活力。真不错', 10);
INSERT INTO `sys_movie_comment` VALUES (50, 1, '2022-06-29 09:06:41', '看这部的时候真的有觉得景浩好辛苦 那种无奈与勤恳真的很真实 所有的重担都压在自己身上 事事不如意的时候还好有一群靠谱的朋友在身边 景浩拼死拼活挣钱就是为了治好彤彤的病 上天是公平的 “只要你努力 就没有什么是不可能的”后来 景彤的病治好了 景浩也完成了自己未读完大学的遗憾 没有什么坎儿是过不去的 就看你有没有信心 肯不肯努不努力 “致敬新时代里每一个拼搏奋斗的你 我们都是奇迹的创造者', 9);
INSERT INTO `sys_movie_comment` VALUES (50, 1, '2022-06-29 09:07:01', '新的电影院，画质比较好看，新的电影，画质比较好看，易烊千玺作为厂长也是越来越成长，看到了不一样的易烊千玺，看到了有担当的景浩哥哥，老天应该给我一一个同样的景浩哥哥，为了救助自己的妹妹，与其他的奋斗者共同奋斗，慢慢摸索，这就是笨小孩。爱了爱了！', 9);
INSERT INTO `sys_movie_comment` VALUES (50, 1, '2022-06-29 09:07:21', '小小年纪撑起了一个家，他的勇敢，他的坚强，他的敢拼敢战，他的奉献，让一个本该上学的他变成了打工仔，我爱景浩，爱他的执着，我好像要他这样的哥哥。我爱易烊千玺，让我在影院哭的稀里哗啦！希望老天可以善待每一个处在逆境中孩子，让他们快快乐乐的生活，祝我高考加油！未来可期！未来见到易烊千玺', 10);
INSERT INTO `sys_movie_comment` VALUES (51, 1, '2022-06-29 09:06:01', '七个故事，我除了奥运会和白昼流星给4分和0分，其他都可以给10分！奥运会故事里汶川来的孩子这个让我很不舒服，为什么总要演这种我很惨我就可以干坏事，还理直气壮因为我惨我就可以！毁三观！白昼流星，作为一个内蒙人，我真一分不想给，神舟十一是2016年的事，神舟落地的地方是朱日和不仅是演习的地方，也是为神舟落地而建的军事基地，每次神舟落地外部全员戒严，非相关人员禁止入内，你给我说说两普通人咋给我骑马进去还能到航天员身边，这是其一，第二，2016年，你把内蒙拍出了70年代中国吃不起饭的时候了！四子王旗属于牧区，基本家家有自己的草场，都有几十上百头羊，十多只甚至更多牛，5000块钱，呵呵，卖两头羊就有了', 10);
INSERT INTO `sys_movie_comment` VALUES (51, 1, '2022-06-29 09:07:01', '看到评论里，很多人说看不懂原子弹那段，我觉得我可以解释，我也是后来听我爸爸说的，我爷爷就是参加那场科研的人员之一，突然有天就失去联系了，去单位里也找不到人，一直到新闻说原子弹爆炸成功了，国家才派人到家里来送抚恤金，因为爷爷在科研过程中，被辐射了，一年前就已经死了，因为是秘密研究，所有科研人员都是临时受命，接到命令就马上离开了，甚至没来得及跟家里说一声，而且在科研过程中，也是不允许跟家里有任何联系的，所以我们是事后才知道爷爷去做了什么，他是英雄', 8);
INSERT INTO `sys_movie_comment` VALUES (51, 1, '2022-06-29 09:07:33', '我姥爷是四野司令部机要参谋，姥姥为部队医院总护士长，1955年四野撤消，四野司令部在武汉解散，姥爷分到二机部，赴江西乐安铀矿任勘测大队党委书记，为第一颗原子弹挖矿，他们那一代人真的是祖国哪里需要就奔赴哪里，隐姓埋名以身许国！', 9);
INSERT INTO `sys_movie_comment` VALUES (52, 1, '2022-06-29 10:06:24', '好看！！网上之前传的都不靠谱，实际上没有**陈忠和，电影处理得很好。片尾有王菲那英易烊千玺唱片尾曲，明天再看一遍！', 9);
INSERT INTO `sys_movie_comment` VALUES (52, 1, '2022-06-29 10:06:37', '感觉应该叫《郎平传》更合适，郎平对中国女排的贡献不可否认，但陈忠和教练的功绩就有点过于埋没了，大家可以去科普一下陈教练对中国女排的贡献，但在整个电影里面除了用来搞笑就是输给郎平带领下的美国队。不管是讲中国女排还是讲夺冠，就不得不讲03、04年的辉煌', 10);
INSERT INTO `sys_movie_comment` VALUES (52, 1, '2022-06-29 10:06:43', '对战当时的巴西队第一强队，气氛那么紧张的时候，巴西粉丝说了一句“this is not pingpang”。我想说，心怀荣耀，勇往直前！中国最强！！！', 9);
INSERT INTO `sys_movie_comment` VALUES (53, 1, '2022-06-29 10:06:16', '黄渤老师我理解你想发展全面的理想，但真的、您还是比较适合演喜剧。。。', 10);
INSERT INTO `sys_movie_comment` VALUES (53, 1, '2022-06-29 10:06:20', '外太空就是我的学校（取景在我学校hh）', 9);
INSERT INTO `sys_movie_comment` VALUES (53, 1, '2022-06-29 10:06:59', '科幻题材，首先期待一下。一定要好好做剧情，科幻被流浪做起来，一定要把国产科幻发扬光大。看了很多年洋科幻了，脑海里都是外国价值观。预评一个9分，超出预期我请身边朋友都去看，差点意思就默默回来改分数。明年见！', 9);
INSERT INTO `sys_movie_comment` VALUES (54, 1, '2022-06-29 10:06:25', '春节档的杀手还没笑够呢，马丽魏翔又回来了！他俩可算是把前缘续上了，期待值拉满！', 8);
INSERT INTO `sys_movie_comment` VALUES (54, 1, '2022-06-29 10:06:37', '是在我工作的地方拍的哟，很期待', 9);
INSERT INTO `sys_movie_comment` VALUES (54, 1, '2022-06-29 10:06:46', '啊啊啊啊，一直就觉得马丽和魏翔配一脸，不知道这次演夫妻相处起来咋样，马丽应该不会打魏翔吧哈哈哈哈', 10);
INSERT INTO `sys_movie_comment` VALUES (55, 1, '2022-06-29 10:06:35', '悬疑推理，有点儿恐怖又有点儿烧脑，最爱这种剧了！演员演技在线就更值得一看了，买好爆米花坐等定档！赶紧伙同小伙伴们约起来！！', 9);
INSERT INTO `sys_movie_comment` VALUES (55, 1, '2022-06-29 10:07:13', '从突然出现的人骨就会联想到一些情节 是我喜欢的电影风格 但是从王俊凯为了这部电影减肥20斤 就难以想象是怎样的一个人物 还是非常期待的', 10);
INSERT INTO `sys_movie_comment` VALUES (55, 1, '2022-06-29 10:07:30', '超级超级超级想看 非常期待青年演员王俊凯的表现演出 真的恰好也是悬疑的本人也非常非常喜欢，爱看悬疑的真的特别幸运呀 话不多说了，希望大家都多多支持这部电影', 9);
INSERT INTO `sys_movie_comment` VALUES (56, 1, '2022-06-29 10:06:06', '我想说8月四号才播吗。 预看片有点过早了吧。', 10);
INSERT INTO `sys_movie_comment` VALUES (56, 1, '2022-06-29 10:06:15', '李孝谦会大火的！！', 9);
INSERT INTO `sys_movie_comment` VALUES (56, 1, '2022-06-29 10:06:28', '期待死孝谦啦！！！', 8);
INSERT INTO `sys_movie_comment` VALUES (57, 1, '2022-06-29 10:06:00', '精灵旅社系列，陪我走过我的童年，今天来看终结章，变身大冒险。这部动画片一直延续了搞笑的风格，搞坏的表情和语言真是让人捧腹大笑，但是笑过以后还有很多值得自己思考的人生道理，让我们不断的改变和进步，感谢这个圆满的结局，让大家都收获了快乐。', 9);
INSERT INTO `sys_movie_comment` VALUES (57, 1, '2022-06-29 11:06:38', '岁月如梭，时间催人老呀！《精灵旅社》第一部刚上映的时候，我还在上学，现在都工作好多年了。本以为因为疫情要错过完结篇，不过幸好，赶上了影院开门。完结篇的创意更是新颖。居然有变身的情景。即反射出了社会污染对人类的危害，又通过变身反射出成婚并不等于融入对方家庭的无奈，本电影总是让我在欢乐观影之余多了很多的感触，有时间还会再看几遍的。', 9);
INSERT INTO `sys_movie_comment` VALUES (57, 1, '2022-06-29 11:07:11', '《精灵旅社》系列电影自2012年面世，前三部累计创下内地4亿人民币票房，全球超13亿美元票房的好成绩，《精灵旅社4：变身大冒险》4月3日中国大陆上映，这将是该系列的完结篇，十年经典，欢乐完结，原班人马配音将带来更精彩更欢乐的故事！', 10);

-- ----------------------------
-- Table structure for sys_movie_runtime
-- ----------------------------
DROP TABLE IF EXISTS `sys_movie_runtime`;
CREATE TABLE `sys_movie_runtime`  (
  `movie_runtime_id` bigint(20) UNSIGNED NOT NULL AUTO_INCREMENT COMMENT '播放时段id',
  `movie_runtime_name` varchar(255) CHARACTER SET utf8 COLLATE utf8_general_ci NOT NULL COMMENT '播放时段名',
  `begin_time` varchar(10) CHARACTER SET utf8 COLLATE utf8_general_ci NOT NULL COMMENT '开始时间',
  `end_time` varchar(10) CHARACTER SET utf8 COLLATE utf8_general_ci NOT NULL COMMENT '结束时间',
  PRIMARY KEY (`movie_runtime_id`) USING BTREE
) ENGINE = InnoDB AUTO_INCREMENT = 26 CHARACTER SET = utf8 COLLATE = utf8_general_ci ROW_FORMAT = Dynamic;

-- ----------------------------
-- Records of sys_movie_runtime
-- ----------------------------
INSERT INTO `sys_movie_runtime` VALUES (1, '10点场', '10:00', '12:05');
INSERT INTO `sys_movie_runtime` VALUES (2, '10点半场', '10:30', '12:35');
INSERT INTO `sys_movie_runtime` VALUES (3, '11点场', '11:00', '13:05');
INSERT INTO `sys_movie_runtime` VALUES (4, '11点半场', '11:30', '13:35');
INSERT INTO `sys_movie_runtime` VALUES (5, '12点场', '12:00', '14:05');
INSERT INTO `sys_movie_runtime` VALUES (6, '12点半场', '12:30', '14:35');
INSERT INTO `sys_movie_runtime` VALUES (7, '下午1点场', '13:00', '15:05');
INSERT INTO `sys_movie_runtime` VALUES (8, '下午1点半场', '13:30', '15:35');
INSERT INTO `sys_movie_runtime` VALUES (9, '下午2点场', '14:00', '16:05');
INSERT INTO `sys_movie_runtime` VALUES (10, '下午2点半场', '14:30', '16:35');
INSERT INTO `sys_movie_runtime` VALUES (11, '下午3点场', '15:00', '17:05');
INSERT INTO `sys_movie_runtime` VALUES (12, '下午3点半场', '15:30', '17:35');
INSERT INTO `sys_movie_runtime` VALUES (13, '下午4点场', '16:00', '18:05');
INSERT INTO `sys_movie_runtime` VALUES (14, '下午4点半场', '16:30', '18:35');
INSERT INTO `sys_movie_runtime` VALUES (15, '下午5点场', '17:00', '19:05');
INSERT INTO `sys_movie_runtime` VALUES (16, '下午5点半场', '17:30', '19:35');
INSERT INTO `sys_movie_runtime` VALUES (17, '下午6点场', '18:00', '20:05');
INSERT INTO `sys_movie_runtime` VALUES (18, '晚上6点半场', '18:30', '20:35');
INSERT INTO `sys_movie_runtime` VALUES (19, '晚上7点场', '19:00', '21:05');
INSERT INTO `sys_movie_runtime` VALUES (20, '晚上7点半场', '19:30', '21:35');
INSERT INTO `sys_movie_runtime` VALUES (21, '晚上8点场', '20:00', '22:05');
INSERT INTO `sys_movie_runtime` VALUES (22, '晚上8点半场', '20:30', '22:35');
INSERT INTO `sys_movie_runtime` VALUES (23, '晚上9点场', '21:00', '23:05');
INSERT INTO `sys_movie_runtime` VALUES (24, '晚上9点半场', '21:30', '23:35');
INSERT INTO `sys_movie_runtime` VALUES (25, '晚上10点场', '22:00', '00:05+1');

-- ----------------------------
-- Table structure for sys_movie_to_category
-- ----------------------------
DROP TABLE IF EXISTS `sys_movie_to_category`;
CREATE TABLE `sys_movie_to_category`  (
  `movie_id` bigint(20) UNSIGNED NOT NULL COMMENT '电影id',
  `movie_category_id` bigint(20) UNSIGNED NOT NULL COMMENT '电影类别id',
  PRIMARY KEY (`movie_id`, `movie_category_id`) USING BTREE
) ENGINE = InnoDB CHARACTER SET = utf8 COLLATE = utf8_general_ci ROW_FORMAT = Dynamic;

-- ----------------------------
-- Records of sys_movie_to_category
-- ----------------------------
INSERT INTO `sys_movie_to_category` VALUES (43, 15);
INSERT INTO `sys_movie_to_category` VALUES (44, 6);
INSERT INTO `sys_movie_to_category` VALUES (44, 7);
INSERT INTO `sys_movie_to_category` VALUES (44, 11);
INSERT INTO `sys_movie_to_category` VALUES (45, 1);

-- ----------------------------
-- Table structure for sys_resource
-- ----------------------------
DROP TABLE IF EXISTS `sys_resource`;
CREATE TABLE `sys_resource`  (
  `resource_id` bigint(20) UNSIGNED NOT NULL AUTO_INCREMENT COMMENT '资源id',
  `resource_name` varchar(255) CHARACTER SET utf8 COLLATE utf8_general_ci NOT NULL COMMENT '菜单名称',
  `path` varchar(255) CHARACTER SET utf8 COLLATE utf8_general_ci NOT NULL DEFAULT '' COMMENT '菜单路径，用于保存页面地址',
  `level` int(10) UNSIGNED NOT NULL DEFAULT 1 COMMENT '资源权限等级,1表示该资源为最高级权限',
  `parent_id` bigint(20) UNSIGNED NOT NULL DEFAULT 0 COMMENT '当前菜单父菜单id',
  PRIMARY KEY (`resource_id`) USING BTREE
) ENGINE = InnoDB AUTO_INCREMENT = 725 CHARACTER SET = utf8 COLLATE = utf8_general_ci ROW_FORMAT = Dynamic;

-- ----------------------------
-- Records of sys_resource
-- ----------------------------
INSERT INTO `sys_resource` VALUES (1, '影院管理', '', 1, 0);
INSERT INTO `sys_resource` VALUES (2, '电影管理', '', 1, 0);
INSERT INTO `sys_resource` VALUES (3, '影厅管理', '', 1, 0);
INSERT INTO `sys_resource` VALUES (4, '场次管理', '', 1, 0);
INSERT INTO `sys_resource` VALUES (5, '演员管理', '', 1, 0);
INSERT INTO `sys_resource` VALUES (6, '用户管理', '', 1, 0);
INSERT INTO `sys_resource` VALUES (7, '权限管理', '', 1, 0);
INSERT INTO `sys_resource` VALUES (11, '影院信息管理', 'cinema', 2, 1);
INSERT INTO `sys_resource` VALUES (12, '影院区域管理', 'cinemaArea', 2, 1);
INSERT INTO `sys_resource` VALUES (13, '影院品牌管理', 'cinemaBrand', 2, 1);
INSERT INTO `sys_resource` VALUES (21, '电影信息管理', 'movie', 2, 2);
INSERT INTO `sys_resource` VALUES (22, '电影评论管理', 'movieComment', 2, 2);
INSERT INTO `sys_resource` VALUES (23, '电影年代管理', 'movieAge', 2, 2);
INSERT INTO `sys_resource` VALUES (24, '电影区域管理', 'movieArea', 2, 2);
INSERT INTO `sys_resource` VALUES (25, '电影类别管理', 'movieCategory', 2, 2);
INSERT INTO `sys_resource` VALUES (26, '电影播放时段管理', 'movieRuntime', 2, 2);
INSERT INTO `sys_resource` VALUES (31, '影厅信息管理', 'hall', 2, 3);
INSERT INTO `sys_resource` VALUES (32, '影厅类别管理', 'hallCategory', 2, 3);
INSERT INTO `sys_resource` VALUES (41, '场次信息管理', 'session', 2, 4);
INSERT INTO `sys_resource` VALUES (51, '演员信息管理', 'actor', 2, 5);
INSERT INTO `sys_resource` VALUES (52, '演员角色管理', 'actorRole', 2, 5);
INSERT INTO `sys_resource` VALUES (61, '用户信息管理', 'user', 2, 6);
INSERT INTO `sys_resource` VALUES (62, '订单信息管理', 'bill', 2, 6);
INSERT INTO `sys_resource` VALUES (63, '用户爱好管理', 'hobby', 2, 6);
INSERT INTO `sys_resource` VALUES (71, '角色信息管理', 'role', 2, 7);
INSERT INTO `sys_resource` VALUES (72, '资源信息管理', 'resource', 2, 7);
INSERT INTO `sys_resource` VALUES (111, '查询影院信息权限', '', 3, 11);
INSERT INTO `sys_resource` VALUES (112, '修改影院信息权限', '', 3, 11);
INSERT INTO `sys_resource` VALUES (121, '查询影院区域权限', '', 3, 12);
INSERT INTO `sys_resource` VALUES (122, '修改影院区域权限', '', 3, 12);
INSERT INTO `sys_resource` VALUES (131, '查询影院品牌权限', '', 3, 13);
INSERT INTO `sys_resource` VALUES (132, '修改影院品牌权限', '', 3, 13);
INSERT INTO `sys_resource` VALUES (211, '查询电影信息权限', '', 3, 21);
INSERT INTO `sys_resource` VALUES (212, '修改电影信息权限', '', 3, 21);
INSERT INTO `sys_resource` VALUES (221, '查询电影评论权限', '', 3, 22);
INSERT INTO `sys_resource` VALUES (222, '修改电影评论权限', '', 3, 22);
INSERT INTO `sys_resource` VALUES (231, '查询电影年代权限', '', 3, 23);
INSERT INTO `sys_resource` VALUES (232, '修改电影年代权限', '', 3, 23);
INSERT INTO `sys_resource` VALUES (241, '查询电影区域权限', '', 3, 24);
INSERT INTO `sys_resource` VALUES (242, '修改电影区域权限', '', 3, 24);
INSERT INTO `sys_resource` VALUES (251, '查询电影类别权限', '', 3, 25);
INSERT INTO `sys_resource` VALUES (252, '修改电影类别权限', '', 3, 25);
INSERT INTO `sys_resource` VALUES (261, '查询电影播放时段权限', '', 3, 26);
INSERT INTO `sys_resource` VALUES (262, '修改电影播放时段权限', '', 3, 26);
INSERT INTO `sys_resource` VALUES (311, '查询影厅信息权限', '', 3, 31);
INSERT INTO `sys_resource` VALUES (312, '修改影厅信息权限', '', 3, 31);
INSERT INTO `sys_resource` VALUES (321, '查询影厅类别权限', '', 3, 32);
INSERT INTO `sys_resource` VALUES (322, '修改影厅类别权限', '', 3, 32);
INSERT INTO `sys_resource` VALUES (411, '查询场次信息权限', '', 3, 41);
INSERT INTO `sys_resource` VALUES (412, '修改场次信息权限', '', 3, 41);
INSERT INTO `sys_resource` VALUES (511, '查询演员信息权限', '', 3, 51);
INSERT INTO `sys_resource` VALUES (512, '修改演员信息权限', '', 3, 51);
INSERT INTO `sys_resource` VALUES (521, '查询演员角色权限', '', 3, 52);
INSERT INTO `sys_resource` VALUES (522, '修改演员角色权限', '', 3, 52);
INSERT INTO `sys_resource` VALUES (611, '查询用户信息权限', '', 3, 61);
INSERT INTO `sys_resource` VALUES (612, '修改用户信息权限', '', 3, 61);
INSERT INTO `sys_resource` VALUES (621, '查询订单信息权限', '', 3, 62);
INSERT INTO `sys_resource` VALUES (622, '修改订单信息权限', '', 3, 62);
INSERT INTO `sys_resource` VALUES (631, '查询用户爱好权限', '', 3, 63);
INSERT INTO `sys_resource` VALUES (632, '修改用户爱好权限', '', 3, 63);
INSERT INTO `sys_resource` VALUES (711, '查询角色信息权限', '', 3, 71);
INSERT INTO `sys_resource` VALUES (712, '修改角色信息权限', '', 3, 71);
INSERT INTO `sys_resource` VALUES (721, '查询资源信息权限', '', 3, 72);
INSERT INTO `sys_resource` VALUES (722, '修改资源信息权限', '', 3, 72);

-- ----------------------------
-- Table structure for sys_role
-- ----------------------------
DROP TABLE IF EXISTS `sys_role`;
CREATE TABLE `sys_role`  (
  `role_id` bigint(20) UNSIGNED NOT NULL AUTO_INCREMENT COMMENT '角色ID',
  `role_name` varchar(255) CHARACTER SET utf8 COLLATE utf8_general_ci NOT NULL COMMENT '角色名称',
  `role_desc` varchar(255) CHARACTER SET utf8 COLLATE utf8_general_ci NOT NULL COMMENT '角色描述',
  PRIMARY KEY (`role_id`) USING BTREE
) ENGINE = InnoDB AUTO_INCREMENT = 10 CHARACTER SET = utf8 COLLATE = utf8_general_ci ROW_FORMAT = Dynamic;

-- ----------------------------
-- Records of sys_role
-- ----------------------------
INSERT INTO `sys_role` VALUES (1, '系统管理员', '管理整个影院在线售票系统');
INSERT INTO `sys_role` VALUES (2, '影院管理员', '管理其所属的影院的相关信息');
INSERT INTO `sys_role` VALUES (3, '用户', '用户，仅能使用前台浏览相关信息、下单、修改个人信息等功能');

-- ----------------------------
-- Table structure for sys_role_resource
-- ----------------------------
DROP TABLE IF EXISTS `sys_role_resource`;
CREATE TABLE `sys_role_resource`  (
  `role_id` bigint(20) UNSIGNED NOT NULL COMMENT '角色id',
  `resource_id` bigint(20) UNSIGNED NOT NULL COMMENT '资源id，只以3级权限作为权限判断的依据',
  PRIMARY KEY (`role_id`, `resource_id`) USING BTREE
) ENGINE = InnoDB CHARACTER SET = utf8 COLLATE = utf8_general_ci ROW_FORMAT = Dynamic;

-- ----------------------------
-- Records of sys_role_resource
-- ----------------------------
INSERT INTO `sys_role_resource` VALUES (1, 111);
INSERT INTO `sys_role_resource` VALUES (1, 112);
INSERT INTO `sys_role_resource` VALUES (1, 121);
INSERT INTO `sys_role_resource` VALUES (1, 122);
INSERT INTO `sys_role_resource` VALUES (1, 131);
INSERT INTO `sys_role_resource` VALUES (1, 132);
INSERT INTO `sys_role_resource` VALUES (1, 211);
INSERT INTO `sys_role_resource` VALUES (1, 212);
INSERT INTO `sys_role_resource` VALUES (1, 221);
INSERT INTO `sys_role_resource` VALUES (1, 222);
INSERT INTO `sys_role_resource` VALUES (1, 231);
INSERT INTO `sys_role_resource` VALUES (1, 232);
INSERT INTO `sys_role_resource` VALUES (1, 241);
INSERT INTO `sys_role_resource` VALUES (1, 242);
INSERT INTO `sys_role_resource` VALUES (1, 251);
INSERT INTO `sys_role_resource` VALUES (1, 252);
INSERT INTO `sys_role_resource` VALUES (1, 261);
INSERT INTO `sys_role_resource` VALUES (1, 262);
INSERT INTO `sys_role_resource` VALUES (1, 311);
INSERT INTO `sys_role_resource` VALUES (1, 312);
INSERT INTO `sys_role_resource` VALUES (1, 321);
INSERT INTO `sys_role_resource` VALUES (1, 322);
INSERT INTO `sys_role_resource` VALUES (1, 411);
INSERT INTO `sys_role_resource` VALUES (1, 412);
INSERT INTO `sys_role_resource` VALUES (1, 511);
INSERT INTO `sys_role_resource` VALUES (1, 512);
INSERT INTO `sys_role_resource` VALUES (1, 521);
INSERT INTO `sys_role_resource` VALUES (1, 522);
INSERT INTO `sys_role_resource` VALUES (1, 611);
INSERT INTO `sys_role_resource` VALUES (1, 612);
INSERT INTO `sys_role_resource` VALUES (1, 621);
INSERT INTO `sys_role_resource` VALUES (1, 622);
INSERT INTO `sys_role_resource` VALUES (1, 631);
INSERT INTO `sys_role_resource` VALUES (1, 632);
INSERT INTO `sys_role_resource` VALUES (1, 711);
INSERT INTO `sys_role_resource` VALUES (1, 712);
INSERT INTO `sys_role_resource` VALUES (1, 721);
INSERT INTO `sys_role_resource` VALUES (1, 722);
INSERT INTO `sys_role_resource` VALUES (2, 211);
INSERT INTO `sys_role_resource` VALUES (2, 221);
INSERT INTO `sys_role_resource` VALUES (2, 231);
INSERT INTO `sys_role_resource` VALUES (2, 241);
INSERT INTO `sys_role_resource` VALUES (2, 251);
INSERT INTO `sys_role_resource` VALUES (2, 261);
INSERT INTO `sys_role_resource` VALUES (2, 311);
INSERT INTO `sys_role_resource` VALUES (2, 312);
INSERT INTO `sys_role_resource` VALUES (2, 321);
INSERT INTO `sys_role_resource` VALUES (2, 411);
INSERT INTO `sys_role_resource` VALUES (2, 412);
INSERT INTO `sys_role_resource` VALUES (2, 511);
INSERT INTO `sys_role_resource` VALUES (2, 621);

-- ----------------------------
-- Table structure for sys_session
-- ----------------------------
DROP TABLE IF EXISTS `sys_session`;
CREATE TABLE `sys_session`  (
  `session_id` bigint(20) UNSIGNED NOT NULL AUTO_INCREMENT COMMENT '主键场次id',
  `cinema_id` bigint(20) UNSIGNED NOT NULL COMMENT '影院id',
  `hall_id` bigint(20) UNSIGNED NOT NULL COMMENT '影厅id',
  `language_version` varchar(20) CHARACTER SET utf8 COLLATE utf8_general_ci NOT NULL COMMENT '该场次语言版本',
  `movie_id` bigint(20) UNSIGNED NOT NULL COMMENT '电影id',
  `movie_runtime_id` bigint(20) UNSIGNED NOT NULL COMMENT '放映时段id',
  `session_date` date NOT NULL COMMENT '场次日期',
  `session_state` tinyint(3) UNSIGNED NOT NULL COMMENT '场次状态，1表示上映中，0表示已下架',
  `session_price` decimal(10, 2) NOT NULL COMMENT '票价',
  `session_tips` varchar(255) CHARACTER SET utf8 COLLATE utf8_general_ci NULL DEFAULT NULL COMMENT '影厅提示(如是否需要戴口罩，有什么福利，显示在选座购票位置的影厅后边，格式类似：6号Barco厅-（戴口罩勿饮食）凭票领券免费停车3小时)',
  `session_seats` json NOT NULL COMMENT '场次对应座位信息，采用{key: [], key: []}存储每一个座位的状态，其中key表示排，数组(下标+1)表示几号座，存储的值为0表示可选，1表示空(无座位)，值为2表示已选择，值为3表示已售出，',
  `seat_nums` smallint(5) UNSIGNED NULL DEFAULT 0 COMMENT '该场次售出的座位的个数，用于判断电影票是否售罄',
  PRIMARY KEY (`session_id`) USING BTREE
) ENGINE = InnoDB AUTO_INCREMENT = 31 CHARACTER SET = utf8 COLLATE = utf8_general_ci ROW_FORMAT = Dynamic;

-- ----------------------------
-- Records of sys_session
-- ----------------------------
INSERT INTO `sys_session` VALUES (30, 1, 2, '国语', 43, 9, '2022-06-29', 1, 55.00, '提前15分钟检票', '{\"1\": [0, 0, 0, 1, 0, 0, 0, 0, 0, 0, 0, 0, 0, 0, 1, 0, 0, 0], \"2\": [0, 0, 0, 1, 0, 0, 0, 0, 0, 0, 0, 0, 0, 0, 1, 0, 0, 0], \"3\": [0, 0, 0, 1, 0, 0, 0, 0, 0, 0, 0, 0, 0, 0, 1, 0, 0, 0], \"4\": [0, 0, 0, 1, 0, 0, 0, 3, 0, 0, 0, 0, 0, 0, 1, 0, 0, 0], \"5\": [0, 0, 0, 1, 0, 0, 0, 0, 0, 0, 0, 0, 0, 0, 1, 0, 0, 0], \"6\": [0, 0, 0, 1, 0, 0, 0, 0, 0, 0, 0, 0, 0, 0, 1, 0, 0, 0], \"7\": [0, 0, 0, 1, 0, 0, 0, 0, 0, 0, 0, 0, 0, 0, 1, 0, 0, 0], \"8\": [0, 0, 0, 1, 0, 0, 0, 0, 0, 0, 0, 0, 0, 0, 1, 0, 0, 0], \"9\": [0, 0, 0, 1, 0, 0, 0, 0, 0, 0, 0, 0, 0, 0, 1, 0, 0, 0], \"10\": [0, 0, 0, 1, 0, 0, 0, 0, 0, 0, 0, 0, 0, 0, 1, 0, 0, 0]}', 0);

-- ----------------------------
-- Table structure for sys_user
-- ----------------------------
DROP TABLE IF EXISTS `sys_user`;
CREATE TABLE `sys_user`  (
  `user_id` bigint(20) UNSIGNED NOT NULL AUTO_INCREMENT COMMENT '用户ID',
  `user_name` varchar(255) CHARACTER SET utf8 COLLATE utf8_general_ci NOT NULL COMMENT '用户名称(用于登录，添加时验证唯一性)',
  `password` varchar(255) CHARACTER SET utf8 COLLATE utf8_general_ci NOT NULL COMMENT '用户登录时所用的密码(密文存储)',
  `salt` varchar(255) CHARACTER SET utf8 COLLATE utf8_general_ci NULL DEFAULT NULL COMMENT '盐',
  `email` varchar(255) CHARACTER SET utf8 COLLATE utf8_general_ci NULL DEFAULT NULL COMMENT '用户邮箱，记录个人信息和发送通知',
  `phone_number` varchar(20) CHARACTER SET utf8 COLLATE utf8_general_ci NULL DEFAULT NULL COMMENT '用户电话号码，用于注册和发送通知',
  `sex` tinyint(3) UNSIGNED NOT NULL COMMENT '用户性别，1为男性0为女性',
  `user_picture` varchar(255) CHARACTER SET utf8 COLLATE utf8_general_ci NULL DEFAULT NULL COMMENT '用户头像',
  `role_id` bigint(20) UNSIGNED NOT NULL DEFAULT 3 COMMENT '用户对应的角色id',
  `information` json NULL COMMENT '存储用户的基本信息，如生日、生活状态(生活状态用字符串表示)、兴趣(兴趣用id数组表示)、个性签名',
  PRIMARY KEY (`user_id`) USING BTREE
) ENGINE = InnoDB AUTO_INCREMENT = 32 CHARACTER SET = utf8 COLLATE = utf8_general_ci ROW_FORMAT = Dynamic;

-- ----------------------------
-- Records of sys_user
-- ----------------------------
INSERT INTO `sys_user` VALUES (1, 'admin', '2f6b5c3044b271f5c07545aa862cf35c', '0v#C4w&i', '17777744455@qq.com', '13111212312', 1, '[\"2022/06/28/6c5683f6c0ad44679642f0c61dff191d.jpg\"]', 1, '{\"job\": [1, 11], \"hobbies\": [2, 3, 4, 5, 9, 7], \"birthday\": \"2022-06-14T16:00:00.000Z\", \"autograph\": \"666\", \"condition\": \"1\"}');
INSERT INTO `sys_user` VALUES (2, '李四', '51a97989bc84e6d30c323d5b7f2d6994', 'wUA)g4Nk', '123456@qq.com', '13512345678', 1, '[\"2022/06/28/a1b93e464dba4692bb16b1da4f69265f.jpg\"]', 2, '{\"job\": [1, 11], \"hobbies\": [11], \"birthday\": \"2022-06-14T16:00:00.000Z\", \"autograph\": \"没什么说明\", \"condition\": \"1\"}');
INSERT INTO `sys_user` VALUES (3, '张三', '562779e437586caeb6b0ccda5dd1b881', 'JkVgQzC@', '456@qq.com', '13512345678', 0, '[\"2022/06/28/a1b93e464dba4692bb16b1da4f69265f.jpg\"]', 2, '{\"job\": [1, 11], \"hobbies\": [11], \"birthday\": \"2022-06-14T16:00:00.000Z\", \"autograph\": \"没什么说明\", \"condition\": \"1\"}');
INSERT INTO `sys_user` VALUES (4, '赵六', 'c0e89e9d1566fa2995f6780c54c4dd72', 'rvYUBSMb', '1456@qq.com', '13512345678', 0, '[\"2022/06/28/a1b93e464dba4692bb16b1da4f69265f.jpg\"]', 2, '{\"job\": [1, 11], \"hobbies\": [11], \"birthday\": \"2022-06-14T16:00:00.000Z\", \"autograph\": \"没什么说明\", \"condition\": \"1\"}');
INSERT INTO `sys_user` VALUES (5, '马七', '145f410c3b3963bb57358db0a1d296c4', '0nx@bRx2', '1456@qq.com', '13512345678', 0, '[\"2022/06/28/a1b93e464dba4692bb16b1da4f69265f.jpg\"]', 2, '{\"job\": [1, 11], \"hobbies\": [11], \"birthday\": \"2022-06-14T16:00:00.000Z\", \"autograph\": \"没什么说明\", \"condition\": \"1\"}');
INSERT INTO `sys_user` VALUES (6, '王五', '2a6559de9e27517e948e9952c9719c84', 'OlXlwRI(', '123@qq.com', '13123123123', 1, '[\"2022/06/28/a1b93e464dba4692bb16b1da4f69265f.jpg\"]', 2, '{\"job\": [1, 11], \"hobbies\": [11], \"birthday\": \"2022-06-14T16:00:00.000Z\", \"autograph\": \"没什么说明\", \"condition\": \"1\"}');
INSERT INTO `sys_user` VALUES (7, '周八', '79642997fd0bd57ae5fc9771b624c6c9', 'L5M9YO8@', '456@qq.com', '13511212312', 0, '[\"2022/06/28/a1b93e464dba4692bb16b1da4f69265f.jpg\"]', 2, '{\"job\": [1, 11], \"hobbies\": [11], \"birthday\": \"2022-06-14T16:00:00.000Z\", \"autograph\": \"没什么说明\", \"condition\": \"1\"}');
INSERT INTO `sys_user` VALUES (9, '孙九', '0afa0c4f750e79da685734ca5f6d337c', 'CBHV@v8k', '12344@qq.com', '13579246802', 1, '[\"2022/06/28/a1b93e464dba4692bb16b1da4f69265f.jpg\"]', 2, '{\"job\": [1, 11], \"hobbies\": [11], \"birthday\": \"2022-06-14T16:00:00.000Z\", \"autograph\": \"没什么说明\", \"condition\": \"1\"}');
INSERT INTO `sys_user` VALUES (10, '小花', '3173ccfab7f25443b8d2019a13c1376f', 'xSC3^Qvc', '789@163.com', '13135757123', 0, '[\"2022/06/28/a1b93e464dba4692bb16b1da4f69265f.jpg\"]', 2, '{\"job\": [1, 11], \"hobbies\": [11], \"birthday\": \"2022-06-14T16:00:00.000Z\", \"autograph\": \"没什么说明\", \"condition\": \"1\"}');
INSERT INTO `sys_user` VALUES (11, '小可', '1df866bc6ff0f25913731cb3ce972c68', 'aaJZv0mM', '147@qq.com', '13254456612', 1, '[\"2022/06/28/a1b93e464dba4692bb16b1da4f69265f.jpg\"]', 2, '{\"job\": [1, 11], \"hobbies\": [11], \"birthday\": \"2022-06-14T16:00:00.000Z\", \"autograph\": \"没什么说明\", \"condition\": \"1\"}');
INSERT INTO `sys_user` VALUES (12, '小新', '8c020560d20e5931156e9361cd566707', 'zIzb^aP%', '123123@12.com', '13213213212', 0, '[\"2022/06/28/a1b93e464dba4692bb16b1da4f69265f.jpg\"]', 2, '{\"job\": [1, 11], \"hobbies\": [11], \"birthday\": \"2022-06-14T16:00:00.000Z\", \"autograph\": \"没什么说明\", \"condition\": \"1\"}');
INSERT INTO `sys_user` VALUES (13, '电影警察', '6c3a76b4f1c36e4916f8ccd00b42039f', 'yojH&DwQ', '123456@126.com', '13245612312', 1, '[\"2022/06/28/a1b93e464dba4692bb16b1da4f69265f.jpg\"]', 3, '{\"job\": [1, 11], \"hobbies\": [11], \"birthday\": \"2022-06-14T16:00:00.000Z\", \"autograph\": \"没什么说明\", \"condition\": \"1\"}');
INSERT INTO `sys_user` VALUES (14, '抽烟喝酒', '9b96789b135217398f720c9df695d707', 'Y8c2ds)!', '321@qq.com', '13555555578', 1, '[\"2022/06/28/a1b93e464dba4692bb16b1da4f69265f.jpg\"]', 3, '{\"job\": [1, 11], \"hobbies\": [11], \"birthday\": \"2022-06-14T16:00:00.000Z\", \"autograph\": \"没什么说明\", \"condition\": \"1\"}');
INSERT INTO `sys_user` VALUES (15, '阿毛仙君', 'b2ca561306cc7d95a2af02bce4ff5e89', '0jMn40DK', '65445@142.com', '15632132121', 0, '[\"2022/06/28/a1b93e464dba4692bb16b1da4f69265f.jpg\"]', 3, '{\"job\": [1, 11], \"hobbies\": [11], \"birthday\": \"2022-06-14T16:00:00.000Z\", \"autograph\": \"没什么说明\", \"condition\": \"1\"}');
INSERT INTO `sys_user` VALUES (16, '_sina62152355', '8aa36b6e5a004022ca6a55d5eeb38dda', ')ddHmRBW', '87789@544.com', '15689898978', 0, '[\"2022/06/28/a1b93e464dba4692bb16b1da4f69265f.jpg\"]', 3, '{\"job\": [1, 11], \"hobbies\": [11], \"birthday\": \"2022-06-14T16:00:00.000Z\", \"autograph\": \"没什么说明\", \"condition\": \"1\"}');
INSERT INTO `sys_user` VALUES (17, '梓菱风', '005acf53993d90d436b118e1f4b4c536', 'tAIlqWE7', 'adasd1@125.com', '13555555556', 0, '[\"2022/06/28/a1b93e464dba4692bb16b1da4f69265f.jpg\"]', 3, '{\"job\": [1, 11], \"hobbies\": [11], \"birthday\": \"2022-06-14T16:00:00.000Z\", \"autograph\": \"没什么说明\", \"condition\": \"1\"}');
INSERT INTO `sys_user` VALUES (22, '用户名', '0d6d63480b1ffd8269b746e7bb959aef', 'c$uEzAxq', '123@sss.com', '13578945455', 1, '[\"2022/06/28/a1b93e464dba4692bb16b1da4f69265f.jpg\"]', 3, '{\"job\": [1, 11], \"hobbies\": [11], \"birthday\": \"2022-06-14T16:00:00.000Z\", \"autograph\": \"没什么说明\", \"condition\": \"1\"}');
INSERT INTO `sys_user` VALUES (23, '小柴', '9c3870c3fa398aecc08d4a1ff68fed80', '0^VDLM#p', '946948392@qq.com', '18376548329', 0, '[\"2022/06/28/a1b93e464dba4692bb16b1da4f69265f.jpg\"]', 3, '{\"job\": [1, 11], \"hobbies\": [11], \"birthday\": \"2022-06-14T16:00:00.000Z\", \"autograph\": \"没什么说明\", \"condition\": \"1\"}');
INSERT INTO `sys_user` VALUES (24, '王hl', '0e7cf3ef8bcf6e43eb40a55c7083eefa', '856HQ^c^', '928272@q.com', '18274627372', 1, '[\"2022/06/28/a1b93e464dba4692bb16b1da4f69265f.jpg\"]', 3, '{\"job\": [1, 11], \"hobbies\": [11], \"birthday\": \"2022-06-14T16:00:00.000Z\", \"autograph\": \"没什么说明\", \"condition\": \"1\"}');
INSERT INTO `sys_user` VALUES (25, 'qwewqe', '125d5bc815a2d197a60ab156875c7ec5', 'b6qcu)VB', '1231@qq.com', '15178907666', 1, '[\"2022/06/28/a1b93e464dba4692bb16b1da4f69265f.jpg\"]', 3, '{\"job\": [1, 11], \"hobbies\": [11], \"birthday\": \"2022-06-14T16:00:00.000Z\", \"autograph\": \"没什么说明\", \"condition\": \"1\"}');
INSERT INTO `sys_user` VALUES (26, 'admin2', '3039f5afb97b7e8d2f11390481e05323', 'YLQfS21S', NULL, NULL, 0, '[\"2022/06/28/a1b93e464dba4692bb16b1da4f69265f.jpg\"]', 3, '{\"job\": [1, 11], \"hobbies\": [4, 11, 9], \"birthday\": \"\", \"autograph\": \"\", \"condition\": \"2\"}');
INSERT INTO `sys_user` VALUES (27, 'admin3', '8399aee07b74133eef154b5b315a14d2', 'Z6(kj9wK', NULL, NULL, 1, '[\"2022/06/28/a1b93e464dba4692bb16b1da4f69265f.jpg\"]', 3, '{\"job\": [1, 11], \"hobbies\": [2], \"birthday\": \"2022-06-14T16:00:00.000Z\", \"autograph\": \"66\", \"condition\": \"2\"}');
INSERT INTO `sys_user` VALUES (28, 'admin4', 'c7f6ad2250c328628fb9ec9b769d2eef', 'Zfh$@#h2', NULL, NULL, 1, '[\"2022/06/28/a1b93e464dba4692bb16b1da4f69265f.jpg\"]', 3, '{\"job\": [1, 11], \"hobbies\": [11], \"birthday\": \"2022-06-14T16:00:00.000Z\", \"autograph\": \"没什么说明\", \"condition\": \"1\"}');
INSERT INTO `sys_user` VALUES (29, 'admin5', '39f5fef53581eb18cf1724cab774a73e', 'WEVf)2i4', NULL, NULL, 1, '[\"2022/06/28/a1b93e464dba4692bb16b1da4f69265f.jpg\"]', 3, '{\"job\": [1, 11], \"hobbies\": [11], \"birthday\": \"2022-06-14T16:00:00.000Z\", \"autograph\": \"没什么说明\", \"condition\": \"1\"}');
INSERT INTO `sys_user` VALUES (30, 'admin6', 'e3a13b03d62a55157ac1de70a0dcc704', '7Y*bSf$o', NULL, NULL, 1, '[\"2022/06/28/a1b93e464dba4692bb16b1da4f69265f.jpg\"]', 3, '{\"job\": [1, 11], \"hobbies\": [11], \"birthday\": \"2022-06-14T16:00:00.000Z\", \"autograph\": \"没什么说明\", \"condition\": \"1\"}');
INSERT INTO `sys_user` VALUES (31, 'admin999', 'dce6b406c4413a9a2cc9cc917a9f22ea', 'Y2d!SgVm', NULL, NULL, 1, '[\"2022/06/28/normal.png\"]', 3, '{\"job\": [1, 11], \"hobbies\": [11], \"birthday\": \"2022-06-14T16:00:00.000Z\", \"autograph\": \"没什么说明\", \"condition\": \"1\"}');

-- ----------------------------
-- Table structure for sys_user_hobby
-- ----------------------------
DROP TABLE IF EXISTS `sys_user_hobby`;
CREATE TABLE `sys_user_hobby`  (
  `user_hobby_id` bigint(20) UNSIGNED NOT NULL AUTO_INCREMENT COMMENT '个人爱好id',
  `user_hobby_name` varchar(255) CHARACTER SET utf8 COLLATE utf8_general_ci NOT NULL COMMENT '爱好名称',
  PRIMARY KEY (`user_hobby_id`) USING BTREE
) ENGINE = InnoDB AUTO_INCREMENT = 17 CHARACTER SET = utf8 COLLATE = utf8_general_ci ROW_FORMAT = Dynamic;

-- ----------------------------
-- Records of sys_user_hobby
-- ----------------------------
INSERT INTO `sys_user_hobby` VALUES (1, '美食');
INSERT INTO `sys_user_hobby` VALUES (2, '动漫');
INSERT INTO `sys_user_hobby` VALUES (3, '摄影');
INSERT INTO `sys_user_hobby` VALUES (4, '电影');
INSERT INTO `sys_user_hobby` VALUES (5, '体育');
INSERT INTO `sys_user_hobby` VALUES (6, '财经');
INSERT INTO `sys_user_hobby` VALUES (7, '音乐');
INSERT INTO `sys_user_hobby` VALUES (8, '游戏');
INSERT INTO `sys_user_hobby` VALUES (9, '科技');
INSERT INTO `sys_user_hobby` VALUES (10, '旅游');
INSERT INTO `sys_user_hobby` VALUES (11, '文学');
INSERT INTO `sys_user_hobby` VALUES (12, '公益');
INSERT INTO `sys_user_hobby` VALUES (13, '汽车');
INSERT INTO `sys_user_hobby` VALUES (14, '时尚');
INSERT INTO `sys_user_hobby` VALUES (15, '宠物');

SET FOREIGN_KEY_CHECKS = 1;
